agent_id,agent_type,capacity,da_position,imbalance,position,revenue,t
1,RandomLiquidityAgent,100.0,0.0,0.0,0.0,0.0,0
1,RandomLiquidityAgent,100.0,0.0,0.0,5.5,269.5,1
1,RandomLiquidityAgent,100.0,0.0,0.0,11.0,512.9799731221697,2
1,RandomLiquidityAgent,100.0,0.0,0.0,9.5,446.8447354240402,3
1,RandomLiquidityAgent,100.0,0.0,0.0,4.0,217.12474025133906,4
1,RandomLiquidityAgent,100.0,0.0,0.0,-7.0,-259.1970682119928,5
1,RandomLiquidityAgent,100.0,0.0,0.0,-13.0,-540.8097097843905,6
1,RandomLiquidityAgent,100.0,0.0,0.0,-13.0,-535.3097097843906,7
1,RandomLiquidityAgent,100.0,0.0,0.0,-18.0,-755.5493335450685,8
1,RandomLiquidityAgent,100.0,0.0,0.0,-34.5,-1505.2104889108336,9
1,RandomLiquidityAgent,100.0,0.0,0.0,-34.5,-1517.0613545650533,10
1,RandomLiquidityAgent,100.0,0.0,0.0,-46.0,-2016.0581752185499,11
1,RandomLiquidityAgent,100.0,0.0,0.0,-35.5,-1576.8620786476245,12
1,RandomLiquidityAgent,100.0,0.0,0.0,-40.5,-1802.9461041197715,13
1,RandomLiquidityAgent,100.0,0.0,0.0,-46.0,-2080.2204889729196,14
1,RandomLiquidityAgent,100.0,0.0,0.0,-40.5,-1797.5618860128313,15
1,RandomLiquidityAgent,100.0,0.0,0.0,-56.5,-2649.273798005159,16
1,RandomLiquidityAgent,100.0,0.0,0.0,-67.0,-3136.2422564310973,17
1,RandomLiquidityAgent,100.0,0.0,0.0,-78.0,-3647.347653662606,18
1,RandomLiquidityAgent,100.0,0.0,0.0,-61.5,-2922.8241457318836,19
1,RandomLiquidityAgent,100.0,0.0,0.0,-67.0,-3175.9868013309824,20
1,RandomLiquidityAgent,100.0,0.0,0.0,-72.0,-3432.3170678021825,21
1,RandomLiquidityAgent,100.0,0.0,0.0,-66.5,-3147.8153260114955,22
1,RandomLiquidityAgent,100.0,0.0,0.0,-61.0,-2853.35202229089,23
1,RandomLiquidityAgent,100.0,0.0,0.0,-72.0,-3410.355155799377,24
1,RandomLiquidityAgent,100.0,0.0,0.0,-72.0,-3418.6741553015704,25
1,RandomLiquidityAgent,100.0,0.0,0.0,-66.5,-3145.901535117922,26
1,RandomLiquidityAgent,100.0,0.0,0.0,-61.0,-2895.967013031562,27
1,RandomLiquidityAgent,100.0,0.0,0.0,-66.5,-3149.307429331866,28
1,RandomLiquidityAgent,100.0,0.0,0.0,-61.0,-2905.728258319185,29
1,RandomLiquidityAgent,100.0,0.0,0.0,-55.5,-2652.648539465477,30
1,RandomLiquidityAgent,100.0,0.0,0.0,-55.5,-2642.8985394654765,31
1,RandomLiquidityAgent,100.0,0.0,0.0,-44.5,-2167.473796102112,32
1,RandomLiquidityAgent,100.0,0.0,0.0,-39.5,-1963.7821816229205,33
1,RandomLiquidityAgent,100.0,0.0,0.0,-39.5,-1961.240807140076,34
1,RandomLiquidityAgent,100.0,0.0,0.0,-50.5,-2412.4652240857727,35
1,RandomLiquidityAgent,100.0,0.0,0.0,-45.0,-2199.7731940513263,36
1,RandomLiquidityAgent,100.0,0.0,0.0,-60.0,-2915.0055133730716,37
1,RandomLiquidityAgent,100.0,0.0,0.0,-60.0,-2915.0055133730716,38
1,RandomLiquidityAgent,100.0,0.0,0.0,-60.0,-2924.2617111668114,39
1,RandomLiquidityAgent,100.0,0.0,0.0,-68.5,-3352.7452450486276,40
1,RandomLiquidityAgent,100.0,0.0,0.0,-63.0,-3082.0081483498184,41
1,RandomLiquidityAgent,100.0,0.0,0.0,-68.5,-3371.5601624141113,42
1,RandomLiquidityAgent,100.0,0.0,0.0,-68.5,-3358.0554275155746,43
1,RandomLiquidityAgent,100.0,0.0,0.0,-74.0,-3591.360129346578,44
1,RandomLiquidityAgent,100.0,0.0,0.0,-74.0,-3594.203331268793,45
1,RandomLiquidityAgent,100.0,0.0,0.0,-69.5,-3414.8172742160014,46
1,RandomLiquidityAgent,100.0,0.0,0.0,-53.0,-2660.65314014525,47
1,RandomLiquidityAgent,100.0,0.0,0.0,-52.0,-2613.6573534202184,48
1,RandomLiquidityAgent,100.0,0.0,0.0,-52.0,-2648.4772522042213,49
1,RandomLiquidityAgent,100.0,0.0,0.0,-46.5,-2355.0625946597843,50
1,RandomLiquidityAgent,100.0,0.0,0.0,-57.5,-2919.5218660393657,51
1,RandomLiquidityAgent,100.0,0.0,0.0,-63.0,-3164.1738838226115,52
1,RandomLiquidityAgent,100.0,0.0,0.0,-68.5,-3429.3186881711376,53
1,RandomLiquidityAgent,100.0,0.0,0.0,-84.5,-4146.924378279844,54
1,RandomLiquidityAgent,100.0,0.0,0.0,-101.0,-4959.376754591168,55
1,RandomLiquidityAgent,100.0,0.0,0.0,-101.0,-4951.267169396184,56
1,RandomLiquidityAgent,100.0,0.0,0.0,-95.5,-4646.017169396184,57
1,RandomLiquidityAgent,100.0,0.0,0.0,-89.5,-4308.4383622948235,58
1,RandomLiquidityAgent,100.0,0.0,0.0,-100.5,-4871.788588080621,59
1,RandomLiquidityAgent,100.0,0.0,0.0,-85.0,-4089.255389097567,60
1,RandomLiquidityAgent,100.0,0.0,0.0,-90.5,-4387.94718462276,61
1,RandomLiquidityAgent,100.0,0.0,0.0,-85.0,-4126.499112067183,62
1,RandomLiquidityAgent,100.0,0.0,0.0,-68.5,-3287.4409026950552,63
1,RandomLiquidityAgent,100.0,0.0,0.0,-63.0,-3006.5304798438938,64
1,RandomLiquidityAgent,100.0,0.0,0.0,-58.0,-2750.0775336231454,65
1,RandomLiquidityAgent,100.0,0.0,0.0,-68.5,-3331.137042648182,66
1,RandomLiquidityAgent,100.0,0.0,0.0,-79.0,-3964.9759479011796,67
1,RandomLiquidityAgent,100.0,0.0,0.0,-90.0,-4566.604949430058,68
1,RandomLiquidityAgent,100.0,0.0,0.0,-84.5,-4272.354949430058,69
1,RandomLiquidityAgent,100.0,0.0,0.0,-74.5,-3752.04210919326,70
1,RandomLiquidityAgent,100.0,0.0,0.0,-69.0,-3462.271096822852,71
1,RandomLiquidityAgent,100.0,0.0,0.0,-63.5,-3152.7232861716584,72
1,RandomLiquidityAgent,100.0,0.0,0.0,-63.5,-3159.942250396639,73
1,RandomLiquidityAgent,100.0,0.0,0.0,-57.5,-2786.003729686245,74
1,RandomLiquidityAgent,100.0,0.0,0.0,-68.5,-3417.8680489271815,75
1,RandomLiquidityAgent,100.0,0.0,0.0,-85.0,-4332.978731650984,76
1,RandomLiquidityAgent,100.0,0.0,0.0,-74.0,-3731.0284839049054,77
1,RandomLiquidityAgent,100.0,0.0,0.0,-79.5,-4030.0909839049054,78
1,RandomLiquidityAgent,100.0,0.0,0.0,-80.0,-4060.4770809026318,79
1,RandomLiquidityAgent,100.0,0.0,0.0,-96.5,-4814.663458356383,80
1,RandomLiquidityAgent,100.0,0.0,0.0,-96.5,-4801.820260807537,81
1,RandomLiquidityAgent,100.0,0.0,0.0,-91.0,-4518.5902485145925,82
1,RandomLiquidityAgent,100.0,0.0,0.0,-74.5,-3682.94548625058,83
1,RandomLiquidityAgent,100.0,0.0,0.0,-80.0,-3965.6288726813827,84
1,RandomLiquidityAgent,100.0,0.0,0.0,-74.5,-3686.9829286983895,85
1,RandomLiquidityAgent,100.0,0.0,0.0,-74.5,-3688.8722453205037,86
1,RandomLiquidityAgent,100.0,0.0,0.0,-63.5,-3207.1381724522716,87
1,RandomLiquidityAgent,100.0,0.0,0.0,-63.5,-3214.1325861675173,88
1,RandomLiquidityAgent,100.0,0.0,0.0,-74.5,-3738.0075861675173,89
1,RandomLiquidityAgent,100.0,0.0,0.0,-74.5,-3738.0075861675173,90
1,RandomLiquidityAgent,100.0,0.0,0.0,-80.0,-4003.3007142807714,91
1,RandomLiquidityAgent,100.0,0.0,0.0,-91.0,-4496.750476538604,92
1,RandomLiquidityAgent,100.0,0.0,0.0,-91.0,-4520.145096752808,93
1,RandomLiquidityAgent,100.0,0.0,0.0,-91.0,-4509.145096752808,94
1,RandomLiquidityAgent,100.0,0.0,0.0,-85.0,-4227.256806450016,95
1,RandomLiquidityAgent,100.0,0.0,0.0,-96.0,-4766.373850486855,96
1,RandomLiquidityAgent,100.0,0.0,0.0,-90.5,-4495.204472843692,97
1,RandomLiquidityAgent,100.0,0.0,0.0,-85.0,-4228.390422837903,98
1,RandomLiquidityAgent,100.0,0.0,0.0,-85.0,-4200.640422837903,99
1,RandomLiquidityAgent,100.0,0.0,0.0,-74.0,-3631.2623228263255,100
1,RandomLiquidityAgent,100.0,0.0,0.0,-79.5,-3898.346368666573,101
1,RandomLiquidityAgent,100.0,0.0,0.0,-74.0,-3626.5225772782896,102
1,RandomLiquidityAgent,100.0,0.0,0.0,-79.5,-3904.422108125883,103
1,RandomLiquidityAgent,100.0,0.0,0.0,-85.0,-4198.014895002194,104
1,RandomLiquidityAgent,100.0,0.0,0.0,-90.5,-4497.270069466767,105
1,RandomLiquidityAgent,100.0,0.0,0.0,-95.5,-4783.720469371105,106
1,RandomLiquidityAgent,100.0,0.0,0.0,-90.0,-4509.080022460973,107
1,RandomLiquidityAgent,100.0,0.0,0.0,-78.5,-3934.277513521957,108
1,RandomLiquidityAgent,100.0,0.0,0.0,-73.0,-3626.838063590056,109
1,RandomLiquidityAgent,100.0,0.0,0.0,-78.5,-3909.044649996275,110
1,RandomLiquidityAgent,100.0,0.0,0.0,-95.0,-4821.942709877425,111
1,RandomLiquidityAgent,100.0,0.0,0.0,-67.5,-3393.7733994711834,112
1,RandomLiquidityAgent,100.0,0.0,0.0,-57.0,-2855.0811918567633,113
1,RandomLiquidityAgent,100.0,0.0,0.0,-57.0,-2893.779140050682,114
1,RandomLiquidityAgent,100.0,0.0,0.0,-62.5,-3212.660688399881,115
1,RandomLiquidityAgent,100.0,0.0,0.0,-57.5,-2922.643371718791,116
1,RandomLiquidityAgent,100.0,0.0,0.0,-63.0,-3206.201104927487,117
1,RandomLiquidityAgent,100.0,0.0,0.0,-68.5,-3512.149799163087,118
1,RandomLiquidityAgent,100.0,0.0,0.0,-57.5,-2948.399799163087,119
1,RandomLiquidityAgent,100.0,0.0,0.0,-57.5,-2960.5054182801864,120
1,RandomLiquidityAgent,100.0,0.0,0.0,-46.5,-2401.8786716130803,121
1,RandomLiquidityAgent,100.0,0.0,0.0,-52.0,-2690.865910050968,122
1,RandomLiquidityAgent,100.0,0.0,0.0,-57.5,-2993.603148488856,123
1,RandomLiquidityAgent,100.0,0.0,0.0,-57.5,-3014.9602239501473,124
1,RandomLiquidityAgent,100.0,0.0,0.0,-57.5,-3013.5852239501473,125
1,RandomLiquidityAgent,100.0,0.0,0.0,-57.5,-3037.2282581009003,126
1,RandomLiquidityAgent,100.0,0.0,0.0,-63.0,-3338.292554208155,127
1,RandomLiquidityAgent,100.0,0.0,0.0,-57.5,-3046.542554208155,128
1,RandomLiquidityAgent,100.0,0.0,0.0,-62.5,-3336.264232167731,129
1,RandomLiquidityAgent,100.0,0.0,0.0,-68.0,-3662.001734258241,130
1,RandomLiquidityAgent,100.0,0.0,0.0,-68.0,-3659.251734258241,131
1,RandomLiquidityAgent,100.0,0.0,0.0,-68.0,-3665.057949449978,132
1,RandomLiquidityAgent,100.0,0.0,0.0,-62.5,-3375.3427660659117,133
1,RandomLiquidityAgent,100.0,0.0,0.0,-51.5,-2731.593232267095,134
1,RandomLiquidityAgent,100.0,0.0,0.0,-46.0,-2428.6056301257113,135
1,RandomLiquidityAgent,100.0,0.0,0.0,-40.5,-2125.8938718297013,136
1,RandomLiquidityAgent,100.0,0.0,0.0,-51.5,-2674.4030517741057,137
1,RandomLiquidityAgent,100.0,0.0,0.0,-47.0,-2438.7172985579077,138
1,RandomLiquidityAgent,100.0,0.0,0.0,-47.0,-2438.7172985579077,139
1,RandomLiquidityAgent,100.0,0.0,0.0,-47.0,-2423.1071717053023,140
1,RandomLiquidityAgent,100.0,0.0,0.0,-41.5,-2188.987344057304,141
1,RandomLiquidityAgent,100.0,0.0,0.0,-36.0,-1952.216238667478,142
1,RandomLiquidityAgent,100.0,0.0,0.0,-41.5,-2203.6114112747623,143
1,RandomLiquidityAgent,100.0,0.0,0.0,-41.5,-2214.654342586143,144
1,RandomLiquidityAgent,100.0,0.0,0.0,-52.5,-2806.802553856177,145
1,RandomLiquidityAgent,100.0,0.0,0.0,-46.5,-2477.2209046894027,146
1,RandomLiquidityAgent,100.0,0.0,0.0,-40.5,-2135.167299128471,147
1,RandomLiquidityAgent,100.0,0.0,0.0,-40.5,-2121.417299128471,148
1,RandomLiquidityAgent,100.0,0.0,0.0,-45.5,-2403.418231410991,149
1,RandomLiquidityAgent,100.0,0.0,0.0,-45.5,-2413.5402694669333,150
1,RandomLiquidityAgent,100.0,0.0,0.0,-51.0,-2717.8613299323174,151
1,RandomLiquidityAgent,100.0,0.0,0.0,-45.5,-2395.049476531285,152
1,RandomLiquidityAgent,100.0,0.0,0.0,-67.5,-3673.685700731943,153
1,RandomLiquidityAgent,100.0,0.0,0.0,-56.5,-3074.935700731943,154
1,RandomLiquidityAgent,100.0,0.0,0.0,-51.0,-2793.5197810515724,155
1,RandomLiquidityAgent,100.0,0.0,0.0,-45.5,-2507.4905037898016,156
1,RandomLiquidityAgent,100.0,0.0,0.0,-51.0,-2778.853180267054,157
1,RandomLiquidityAgent,100.0,0.0,0.0,-51.0,-2779.4855167736514,158
1,RandomLiquidityAgent,100.0,0.0,0.0,-62.0,-3364.4151797885543,159
1,RandomLiquidityAgent,100.0,0.0,0.0,-62.0,-3351.301472258638,160
1,RandomLiquidityAgent,100.0,0.0,0.0,-62.0,-3390.794583239339,161
1,RandomLiquidityAgent,100.0,0.0,0.0,-56.5,-3122.6711024089764,162
1,RandomLiquidityAgent,100.0,0.0,0.0,-62.5,-3395.6086024089764,163
1,RandomLiquidityAgent,100.0,0.0,0.0,-68.0,-3661.978650304579,164
1,RandomLiquidityAgent,100.0,0.0,0.0,-79.0,-4229.875188383146,165
1,RandomLiquidityAgent,100.0,0.0,0.0,-79.0,-4229.875188383146,166
1,RandomLiquidityAgent,100.0,0.0,0.0,-90.0,-4694.087326522535,167
1,RandomLiquidityAgent,100.0,0.0,0.0,-90.5,-4693.470856335171,168
1,RandomLiquidityAgent,100.0,0.0,0.0,-101.5,-5100.305249647967,169
1,RandomLiquidityAgent,100.0,0.0,0.0,-96.5,-4926.83713605037,170
1,RandomLiquidityAgent,100.0,0.0,0.0,-102.0,-5116.772849949175,171
1,RandomLiquidityAgent,100.0,0.0,0.0,-113.0,-5702.24814771155,172
1,RandomLiquidityAgent,100.0,0.0,0.0,-118.5,-5997.87314771155,173
1,RandomLiquidityAgent,100.0,0.0,0.0,-113.0,-5714.623296849544,174
1,RandomLiquidityAgent,100.0,0.0,0.0,-107.5,-5435.537780042099,175
1,RandomLiquidityAgent,100.0,0.0,0.0,-102.0,-5166.761134525288,176
1,RandomLiquidityAgent,100.0,0.0,0.0,-113.0,-5646.87601283201,177
1,RandomLiquidityAgent,100.0,0.0,0.0,-118.5,-5891.937229316247,178
1,RandomLiquidityAgent,100.0,0.0,0.0,-129.5,-6425.748445800484,179
1,RandomLiquidityAgent,100.0,0.0,0.0,-135.0,-6718.490019528703,180
1,RandomLiquidityAgent,100.0,0.0,0.0,-135.0,-6719.490019528703,181
1,RandomLiquidityAgent,100.0,0.0,0.0,-140.5,-7019.478002276758,182
1,RandomLiquidityAgent,100.0,0.0,0.0,-129.5,-6378.049963013624,183
1,RandomLiquidityAgent,100.0,0.0,0.0,-124.0,-6060.085670944458,184
1,RandomLiquidityAgent,100.0,0.0,0.0,-134.5,-6684.659249722526,185
1,RandomLiquidityAgent,100.0,0.0,0.0,-134.0,-6636.15851851908,186
1,RandomLiquidityAgent,100.0,0.0,0.0,-123.0,-6003.531085468682,187
1,RandomLiquidityAgent,100.0,0.0,0.0,-134.0,-6622.286537423673,188
1,RandomLiquidityAgent,100.0,0.0,0.0,-134.0,-6578.286537423673,189
1,RandomLiquidityAgent,100.0,0.0,0.0,-123.0,-5948.20052450198,190
1,RandomLiquidityAgent,100.0,0.0,0.0,-118.0,-5668.672791355756,191
1,RandomLiquidityAgent,100.0,0.0,0.0,-107.5,-5095.53976179803,192
1,RandomLiquidityAgent,100.0,0.0,0.0,-96.5,-4652.869297257335,193
1,RandomLiquidityAgent,100.0,0.0,0.0,-96.5,-4661.703006027906,194
1,RandomLiquidityAgent,100.0,0.0,0.0,-102.0,-4926.581637756337,195
1,RandomLiquidityAgent,100.0,0.0,0.0,-102.5,-4944.985383757164,196
1,RandomLiquidityAgent,100.0,0.0,0.0,-108.0,-5229.48733215085,197
1,RandomLiquidityAgent,100.0,0.0,0.0,-108.0,-5215.950483115195,198
1,RandomLiquidityAgent,100.0,0.0,0.0,-108.0,-5226.262983115195,199
2,RandomLiquidityAgent,100.0,0.0,0.0,0.0,0.0,0
2,RandomLiquidityAgent,100.0,0.0,0.0,5.5,217.25,1
2,RandomLiquidityAgent,100.0,0.0,0.0,27.0,1127.125,2
2,RandomLiquidityAgent,100.0,0.0,0.0,27.5,1133.8437305907873,3
2,RandomLiquidityAgent,100.0,0.0,0.0,27.5,1151.137917592208,4
2,RandomLiquidityAgent,100.0,0.0,0.0,32.0,1352.1773385197025,5
2,RandomLiquidityAgent,100.0,0.0,0.0,27.5,1145.346494645401,6
2,RandomLiquidityAgent,100.0,0.0,0.0,33.0,1391.1750406320618,7
2,RandomLiquidityAgent,100.0,0.0,0.0,38.5,1636.8587499113396,8
2,RandomLiquidityAgent,100.0,0.0,0.0,39.0,1603.7696612055345,9
2,RandomLiquidityAgent,100.0,0.0,0.0,28.0,1124.674997338084,10
2,RandomLiquidityAgent,100.0,0.0,0.0,44.5,1841.6329697548083,11
2,RandomLiquidityAgent,100.0,0.0,0.0,39.0,1608.9979589492982,12
2,RandomLiquidityAgent,100.0,0.0,0.0,44.5,1903.2479589492982,13
2,RandomLiquidityAgent,100.0,0.0,0.0,41.5,1750.4871882412078,14
2,RandomLiquidityAgent,100.0,0.0,0.0,39.5,1644.882817773892,15
2,RandomLiquidityAgent,100.0,0.0,0.0,39.5,1626.7980051546667,16
2,RandomLiquidityAgent,100.0,0.0,0.0,39.5,1629.9048402963572,17
2,RandomLiquidityAgent,100.0,0.0,0.0,45.0,1883.7258525695136,18
2,RandomLiquidityAgent,100.0,0.0,0.0,34.0,1398.3520669194452,19
2,RandomLiquidityAgent,100.0,0.0,0.0,23.0,862.8425146846981,20
2,RandomLiquidityAgent,100.0,0.0,0.0,6.5,-17.777885022101913,21
2,RandomLiquidityAgent,100.0,0.0,0.0,0.5,-318.4985942073193,22
2,RandomLiquidityAgent,100.0,0.0,0.0,0.5,-318.49859420731923,23
2,RandomLiquidityAgent,100.0,0.0,0.0,-3.5,-513.0255023679626,24
2,RandomLiquidityAgent,100.0,0.0,0.0,0.5,-301.13704926728093,25
2,RandomLiquidityAgent,100.0,0.0,0.0,-5.0,-575.2846694509295,26
2,RandomLiquidityAgent,100.0,0.0,0.0,-10.5,-804.2957221366304,27
2,RandomLiquidityAgent,100.0,0.0,0.0,-5.0,-561.9116453905751,28
2,RandomLiquidityAgent,100.0,0.0,0.0,-1.0,-385.85740957622926,29
2,RandomLiquidityAgent,100.0,0.0,0.0,-5.0,-573.941940091583,30
2,RandomLiquidityAgent,100.0,0.0,0.0,1.5,-297.6028871950492,31
2,RandomLiquidityAgent,100.0,0.0,0.0,-9.5,-759.277630558414,32
2,RandomLiquidityAgent,100.0,0.0,0.0,11.5,118.119291185303,33
2,RandomLiquidityAgent,100.0,0.0,0.0,22.5,570.5299795680032,34
2,RandomLiquidityAgent,100.0,0.0,0.0,28.0,797.1203364448074,35
2,RandomLiquidityAgent,100.0,0.0,0.0,39.0,1262.1356749481893,36
2,RandomLiquidityAgent,100.0,0.0,0.0,50.0,1777.0473765630263,37
2,RandomLiquidityAgent,100.0,0.0,0.0,61.0,2296.7673244139987,38
2,RandomLiquidityAgent,100.0,0.0,0.0,61.0,2296.7673244139987,39
2,RandomLiquidityAgent,100.0,0.0,0.0,50.0,1726.1810343175712,40
2,RandomLiquidityAgent,100.0,0.0,0.0,50.0,1726.1810343175712,41
2,RandomLiquidityAgent,100.0,0.0,0.0,56.5,2078.785766053447,42
2,RandomLiquidityAgent,100.0,0.0,0.0,57.0,2084.688053110053,43
2,RandomLiquidityAgent,100.0,0.0,0.0,57.0,2072.688053110053,44
2,RandomLiquidityAgent,100.0,0.0,0.0,68.0,2541.195052681837,45
2,RandomLiquidityAgent,100.0,0.0,0.0,68.0,2541.195052681837,46
2,RandomLiquidityAgent,100.0,0.0,0.0,58.0,2080.459504555075,47
2,RandomLiquidityAgent,100.0,0.0,0.0,51.5,1779.6375428862023,48
2,RandomLiquidityAgent,100.0,0.0,0.0,57.0,2068.387542886202,49
2,RandomLiquidityAgent,100.0,0.0,0.0,46.5,1504.3311661850828,50
2,RandomLiquidityAgent,100.0,0.0,0.0,46.5,1498.8311661850828,51
2,RandomLiquidityAgent,100.0,0.0,0.0,57.5,1978.585158096302,52
2,RandomLiquidityAgent,100.0,0.0,0.0,57.5,1968.5559040519115,53
2,RandomLiquidityAgent,100.0,0.0,0.0,57.5,1972.4309040519117,54
2,RandomLiquidityAgent,100.0,0.0,0.0,68.5,2505.464136888368,55
2,RandomLiquidityAgent,100.0,0.0,0.0,57.5,1889.8646547116846,56
2,RandomLiquidityAgent,100.0,0.0,0.0,52.0,1598.5123282276256,57
2,RandomLiquidityAgent,100.0,0.0,0.0,49.0,1426.2744056283163,58
2,RandomLiquidityAgent,100.0,0.0,0.0,43.5,1082.511162579638,59
2,RandomLiquidityAgent,100.0,0.0,0.0,32.5,533.011162579638,60
2,RandomLiquidityAgent,100.0,0.0,0.0,37.5,831.9380900240616,61
2,RandomLiquidityAgent,100.0,0.0,0.0,43.0,1104.1880900240617,62
2,RandomLiquidityAgent,100.0,0.0,0.0,37.5,828.7776671729005,63
2,RandomLiquidityAgent,100.0,0.0,0.0,26.5,270.73807147057795,64
2,RandomLiquidityAgent,100.0,0.0,0.0,21.0,-16.016101380583336,65
2,RandomLiquidityAgent,100.0,0.0,0.0,21.0,-16.016101380583336,66
2,RandomLiquidityAgent,100.0,0.0,0.0,37.5,939.304228361946,67
2,RandomLiquidityAgent,100.0,0.0,0.0,32.0,589.2056765799534,68
2,RandomLiquidityAgent,100.0,0.0,0.0,42.5,1157.2056765799534,69
2,RandomLiquidityAgent,100.0,0.0,0.0,43.0,1181.0212387111333,70
2,RandomLiquidityAgent,100.0,0.0,0.0,31.5,599.3620966983524,71
2,RandomLiquidityAgent,100.0,0.0,0.0,26.0,318.04571943923605,72
2,RandomLiquidityAgent,100.0,0.0,0.0,15.5,-311.6591918039521,73
2,RandomLiquidityAgent,100.0,0.0,0.0,15.0,-364.9338790732554,74
2,RandomLiquidityAgent,100.0,0.0,0.0,15.0,-364.9338790732554,75
2,RandomLiquidityAgent,100.0,0.0,0.0,42.0,1108.4145268359484,76
2,RandomLiquidityAgent,100.0,0.0,0.0,48.0,1430.9667565506543,77
2,RandomLiquidityAgent,100.0,0.0,0.0,58.5,1977.2266256958183,78
2,RandomLiquidityAgent,100.0,0.0,0.0,53.0,1736.8311665445676,79
2,RandomLiquidityAgent,100.0,0.0,0.0,58.5,1983.8034077290954,80
2,RandomLiquidityAgent,100.0,0.0,0.0,58.5,1983.8034077290954,81
2,RandomLiquidityAgent,100.0,0.0,0.0,47.5,1414.0882649247903,82
2,RandomLiquidityAgent,100.0,0.0,0.0,26.0,320.68097224332445,83
2,RandomLiquidityAgent,100.0,0.0,0.0,26.0,320.68097224332445,84
2,RandomLiquidityAgent,100.0,0.0,0.0,26.0,315.18097224332445,85
2,RandomLiquidityAgent,100.0,0.0,0.0,26.0,310.05597224332445,86
2,RandomLiquidityAgent,100.0,0.0,0.0,26.0,295.69441956609785,87
2,RandomLiquidityAgent,100.0,0.0,0.0,26.0,295.69441956609785,88
2,RandomLiquidityAgent,100.0,0.0,0.0,26.0,284.00691956609785,89
2,RandomLiquidityAgent,100.0,0.0,0.0,26.0,289.50691956609785,90
2,RandomLiquidityAgent,100.0,0.0,0.0,20.5,54.463791452843225,91
2,RandomLiquidityAgent,100.0,0.0,0.0,26.0,317.00691956609785,92
2,RandomLiquidityAgent,100.0,0.0,0.0,15.0,-152.34278612490266,93
2,RandomLiquidityAgent,100.0,0.0,0.0,15.0,-163.34278612490266,94
2,RandomLiquidityAgent,100.0,0.0,0.0,15.0,-165.35542841839106,95
2,RandomLiquidityAgent,100.0,0.0,0.0,21.0,142.715710828696,96
2,RandomLiquidityAgent,100.0,0.0,0.0,15.5,-100.95366681446711,97
2,RandomLiquidityAgent,100.0,0.0,0.0,5.0,-617.8671597970066,98
2,RandomLiquidityAgent,100.0,0.0,0.0,4.5,-651.4979825248055,99
2,RandomLiquidityAgent,100.0,0.0,0.0,-0.5,-898.6261098234379,100
2,RandomLiquidityAgent,100.0,0.0,0.0,-1.0,-922.3761098234379,101
2,RandomLiquidityAgent,100.0,0.0,0.0,4.0,-693.126109823438,102
2,RandomLiquidityAgent,100.0,0.0,0.0,15.0,-149.95785463540028,103
2,RandomLiquidityAgent,100.0,0.0,0.0,-1.0,-1013.088091749178,104
2,RandomLiquidityAgent,100.0,0.0,0.0,10.0,-422.7401432201155,105
2,RandomLiquidityAgent,100.0,0.0,0.0,15.5,-138.07969469105302,106
2,RandomLiquidityAgent,100.0,0.0,0.0,4.5,-693.8405868923887,107
2,RandomLiquidityAgent,100.0,0.0,0.0,-1.5,-998.9667885377918,108
2,RandomLiquidityAgent,100.0,0.0,0.0,3.5,-753.2523512492978,109
2,RandomLiquidityAgent,100.0,0.0,0.0,14.5,-175.04738382573544,110
2,RandomLiquidityAgent,100.0,0.0,0.0,31.0,737.8506760554149,111
2,RandomLiquidityAgent,100.0,0.0,0.0,24.5,399.60067605541485,112
2,RandomLiquidityAgent,100.0,0.0,0.0,24.5,399.60067605541485,113
2,RandomLiquidityAgent,100.0,0.0,0.0,25.0,452.1388095311416,114
2,RandomLiquidityAgent,100.0,0.0,0.0,25.0,478.26380953114153,115
2,RandomLiquidityAgent,100.0,0.0,0.0,25.0,468.63880953114153,116
2,RandomLiquidityAgent,100.0,0.0,0.0,36.0,1022.1403576069488,117
2,RandomLiquidityAgent,100.0,0.0,0.0,36.5,1050.418333353194,118
2,RandomLiquidityAgent,100.0,0.0,0.0,20.0,197.91833335319393,119
2,RandomLiquidityAgent,100.0,0.0,0.0,31.0,777.1700800203002,120
2,RandomLiquidityAgent,100.0,0.0,0.0,36.5,1065.5186835625227,121
2,RandomLiquidityAgent,100.0,0.0,0.0,42.0,1354.5059220004105,122
2,RandomLiquidityAgent,100.0,0.0,0.0,37.0,1076.928111390109,123
2,RandomLiquidityAgent,100.0,0.0,0.0,42.5,1341.490023813296,124
2,RandomLiquidityAgent,100.0,0.0,0.0,48.0,1645.9269362364826,125
2,RandomLiquidityAgent,100.0,0.0,0.0,42.5,1367.195557964049,126
2,RandomLiquidityAgent,100.0,0.0,0.0,37.5,1099.695557964049,127
2,RandomLiquidityAgent,100.0,0.0,0.0,21.5,229.79123692411235,128
2,RandomLiquidityAgent,100.0,0.0,0.0,16.0,-60.57551156572197,129
2,RandomLiquidityAgent,100.0,0.0,0.0,21.5,265.1619905247881,130
2,RandomLiquidityAgent,100.0,0.0,0.0,27.0,560.4598694156361,131
2,RandomLiquidityAgent,100.0,0.0,0.0,21.0,219.66063744547998,132
2,RandomLiquidityAgent,100.0,0.0,0.0,21.5,284.8290644766706,133
2,RandomLiquidityAgent,100.0,0.0,0.0,10.5,-357.02877760634834,134
2,RandomLiquidityAgent,100.0,0.0,0.0,-0.5,-976.0789926698844,135
2,RandomLiquidityAgent,100.0,0.0,0.0,-0.5,-976.5278026230615,136
2,RandomLiquidityAgent,100.0,0.0,0.0,5.0,-692.0939855119731,137
2,RandomLiquidityAgent,100.0,0.0,0.0,-11.5,-1551.9766079938836,138
2,RandomLiquidityAgent,100.0,0.0,0.0,-11.5,-1551.9766079938836,139
2,RandomLiquidityAgent,100.0,0.0,0.0,-22.5,-2128.308845922309,140
2,RandomLiquidityAgent,100.0,0.0,0.0,-33.0,-2624.1960943194467,141
2,RandomLiquidityAgent,100.0,0.0,0.0,-17.0,-1807.614683098256,142
2,RandomLiquidityAgent,100.0,0.0,0.0,-11.5,-1503.8591262532123,143
2,RandomLiquidityAgent,100.0,0.0,0.0,-16.5,-1737.5005415668886,144
2,RandomLiquidityAgent,100.0,0.0,0.0,-22.0,-2039.5289956604167,145
2,RandomLiquidityAgent,100.0,0.0,0.0,-38.5,-2932.472280869046,146
2,RandomLiquidityAgent,100.0,0.0,0.0,-44.0,-3221.8700426052555,147
2,RandomLiquidityAgent,100.0,0.0,0.0,-44.0,-3234.2450426052555,148
2,RandomLiquidityAgent,100.0,0.0,0.0,-38.5,-2940.0575426052555,149
2,RandomLiquidityAgent,100.0,0.0,0.0,-33.0,-2645.8075426052555,150
2,RandomLiquidityAgent,100.0,0.0,0.0,-38.5,-2952.8786030706397,151
2,RandomLiquidityAgent,100.0,0.0,0.0,-38.5,-2949.748999538464,152
2,RandomLiquidityAgent,100.0,0.0,0.0,-22.0,-1994.8968313879707,153
2,RandomLiquidityAgent,100.0,0.0,0.0,-22.0,-1974.2718313879705,154
2,RandomLiquidityAgent,100.0,0.0,0.0,-16.5,-1699.7924157736884,155
2,RandomLiquidityAgent,100.0,0.0,0.0,-22.0,-1986.4884914664221,156
2,RandomLiquidityAgent,100.0,0.0,0.0,-11.0,-1466.1681748264427,157
2,RandomLiquidityAgent,100.0,0.0,0.0,-10.5,-1460.9617417584636,158
2,RandomLiquidityAgent,100.0,0.0,0.0,1.0,-834.589282998643,159
2,RandomLiquidityAgent,100.0,0.0,0.0,12.0,-328.8891895229997,160
2,RandomLiquidityAgent,100.0,0.0,0.0,17.0,-69.41810500221482,161
2,RandomLiquidityAgent,100.0,0.0,0.0,17.5,-53.168105002214816,162
2,RandomLiquidityAgent,100.0,0.0,0.0,28.5,454.3934941084942,163
2,RandomLiquidityAgent,100.0,0.0,0.0,28.5,454.3934941084942,164
2,RandomLiquidityAgent,100.0,0.0,0.0,34.0,747.623013147778,165
2,RandomLiquidityAgent,100.0,0.0,0.0,39.5,1031.698363501007,166
2,RandomLiquidityAgent,100.0,0.0,0.0,39.5,1031.698363501007,167
2,RandomLiquidityAgent,100.0,0.0,0.0,44.5,1200.2107376987374,168
2,RandomLiquidityAgent,100.0,0.0,0.0,50.0,1418.1158588770925,169
2,RandomLiquidityAgent,100.0,0.0,0.0,55.5,1627.6757305641877,170
2,RandomLiquidityAgent,100.0,0.0,0.0,55.5,1627.6757305641877,171
2,RandomLiquidityAgent,100.0,0.0,0.0,66.5,2188.6757305641877,172
2,RandomLiquidityAgent,100.0,0.0,0.0,66.5,2188.6757305641877,173
2,RandomLiquidityAgent,100.0,0.0,0.0,67.0,2213.059060593519,174
2,RandomLiquidityAgent,100.0,0.0,0.0,56.0,1660.5549852218082,175
2,RandomLiquidityAgent,100.0,0.0,0.0,61.0,1907.8118042298524,176
2,RandomLiquidityAgent,100.0,0.0,0.0,66.5,2157.112403540094,177
2,RandomLiquidityAgent,100.0,0.0,0.0,83.0,2961.9542282664493,178
2,RandomLiquidityAgent,100.0,0.0,0.0,88.5,3232.9848365085677,179
2,RandomLiquidityAgent,100.0,0.0,0.0,94.0,3508.5655145150367,180
2,RandomLiquidityAgent,100.0,0.0,0.0,83.0,2942.0160562229685,181
2,RandomLiquidityAgent,100.0,0.0,0.0,78.0,2683.2190257873362,182
2,RandomLiquidityAgent,100.0,0.0,0.0,78.0,2683.2190257873362,183
2,RandomLiquidityAgent,100.0,0.0,0.0,83.5,3006.4109739051146,184
2,RandomLiquidityAgent,100.0,0.0,0.0,78.0,2644.741322288457,185
2,RandomLiquidityAgent,100.0,0.0,0.0,78.0,2633.741322288457,186
2,RandomLiquidityAgent,100.0,0.0,0.0,67.0,2050.7332790505557,187
2,RandomLiquidityAgent,100.0,0.0,0.0,78.0,2668.177495253099,188
2,RandomLiquidityAgent,100.0,0.0,0.0,78.0,2637.927495253099,189
2,RandomLiquidityAgent,100.0,0.0,0.0,78.0,2643.427495253099,190
2,RandomLiquidityAgent,100.0,0.0,0.0,78.0,2648.158149662098,191
2,RandomLiquidityAgent,100.0,0.0,0.0,78.0,2648.158149662098,192
2,RandomLiquidityAgent,100.0,0.0,0.0,72.0,2415.0271027799117,193
2,RandomLiquidityAgent,100.0,0.0,0.0,77.5,2634.834729088582,194
2,RandomLiquidityAgent,100.0,0.0,0.0,72.0,2370.0271027799117,195
2,RandomLiquidityAgent,100.0,0.0,0.0,88.5,3173.0237613535073,196
2,RandomLiquidityAgent,100.0,0.0,0.0,94.5,3479.528168135109,197
2,RandomLiquidityAgent,100.0,0.0,0.0,94.5,3465.9913190994534,198
2,RandomLiquidityAgent,100.0,0.0,0.0,94.5,3476.3038190994534,199
3,RandomLiquidityAgent,100.0,0.0,0.0,0.0,0.0,0
3,RandomLiquidityAgent,100.0,0.0,0.0,-5.5,-242.0,1
3,RandomLiquidityAgent,100.0,0.0,0.0,-22.0,-930.875,2
3,RandomLiquidityAgent,100.0,0.0,0.0,-17.0,-707.810296702108,3
3,RandomLiquidityAgent,100.0,0.0,0.0,-11.0,-479.3185417413738,4
3,RandomLiquidityAgent,100.0,0.0,0.0,10.0,420.83720917431714,5
3,RandomLiquidityAgent,100.0,0.0,0.0,15.0,636.2150884996488,6
3,RandomLiquidityAgent,100.0,0.0,0.0,9.5,384.8865425129879,7
3,RandomLiquidityAgent,100.0,0.0,0.0,9.5,369.5762055126775,8
3,RandomLiquidityAgent,100.0,0.0,0.0,25.0,1119.3047953397179,9
3,RandomLiquidityAgent,100.0,0.0,0.0,31.0,1382.4826226087814,10
3,RandomLiquidityAgent,100.0,0.0,0.0,31.0,1378.9826226087814,11
3,RandomLiquidityAgent,100.0,0.0,0.0,31.0,1378.9826226087814,12
3,RandomLiquidityAgent,100.0,0.0,0.0,20.0,790.4826226087814,13
3,RandomLiquidityAgent,100.0,0.0,0.0,9.0,198.27646334578307,14
3,RandomLiquidityAgent,100.0,0.0,0.0,-9.5,-779.9425036059341,15
3,RandomLiquidityAgent,100.0,0.0,0.0,1.5,-186.68728999516537,16
3,RandomLiquidityAgent,100.0,0.0,0.0,-4.0,-454.2855198299265,17
3,RandomLiquidityAgent,100.0,0.0,0.0,-4.0,-454.28551982992656,18
3,RandomLiquidityAgent,100.0,0.0,0.0,-9.5,-693.4352421105807,19
3,RandomLiquidityAgent,100.0,0.0,0.0,-3.0,-445.2630342767351,20
3,RandomLiquidityAgent,100.0,0.0,0.0,7.0,94.56723219446496,21
3,RandomLiquidityAgent,100.0,0.0,0.0,12.5,357.9674656142476,22
3,RandomLiquidityAgent,100.0,0.0,0.0,1.5,-202.55296677937324,23
3,RandomLiquidityAgent,100.0,0.0,0.0,1.5,-202.55296677937324,24
3,RandomLiquidityAgent,100.0,0.0,0.0,-7.5,-655.4308907162526,25
3,RandomLiquidityAgent,100.0,0.0,0.0,-8.5,-707.0032839001028,26
3,RandomLiquidityAgent,100.0,0.0,0.0,-14.0,-1000.6393365858036,27
3,RandomLiquidityAgent,100.0,0.0,0.0,-13.0,-952.2509633702217,28
3,RandomLiquidityAgent,100.0,0.0,0.0,-7.5,-719.0985483653919,29
3,RandomLiquidityAgent,100.0,0.0,0.0,-17.5,-1180.1778605139054,30
3,RandomLiquidityAgent,100.0,0.0,0.0,-14.0,-1043.6876012619255,31
3,RandomLiquidityAgent,100.0,0.0,0.0,-4.0,-621.108289113412,32
3,RandomLiquidityAgent,100.0,0.0,0.0,-15.0,-1069.7205324767767,33
3,RandomLiquidityAgent,100.0,0.0,0.0,-15.0,-1086.4408115567676,34
3,RandomLiquidityAgent,100.0,0.0,0.0,-9.5,-861.8067514878752,35
3,RandomLiquidityAgent,100.0,0.0,0.0,-20.5,-1305.6314507740126,36
3,RandomLiquidityAgent,100.0,0.0,0.0,-27.0,-1623.7779480553706,37
3,RandomLiquidityAgent,100.0,0.0,0.0,-32.5,-1901.8220064930306,38
3,RandomLiquidityAgent,100.0,0.0,0.0,-32.5,-1943.396117079718,39
3,RandomLiquidityAgent,100.0,0.0,0.0,-32.5,-1946.146117079718,40
3,RandomLiquidityAgent,100.0,0.0,0.0,-48.0,-2729.3414211681506,41
3,RandomLiquidityAgent,100.0,0.0,0.0,-59.0,-3346.1273799718506,42
3,RandomLiquidityAgent,100.0,0.0,0.0,-64.5,-3648.157861607415,43
3,RandomLiquidityAgent,100.0,0.0,0.0,-61.0,-3494.5844067132557,44
3,RandomLiquidityAgent,100.0,0.0,0.0,-62.0,-3546.6585301202294,45
3,RandomLiquidityAgent,100.0,0.0,0.0,-61.5,-3526.612757412421,46
3,RandomLiquidityAgent,100.0,0.0,0.0,-78.0,-4283.526891483173,47
3,RandomLiquidityAgent,100.0,0.0,0.0,-72.5,-4029.7007165393316,48
3,RandomLiquidityAgent,100.0,0.0,0.0,-78.0,-4319.1816609366515,49
3,RandomLiquidityAgent,100.0,0.0,0.0,-78.0,-4316.710626691095,50
3,RandomLiquidityAgent,100.0,0.0,0.0,-77.5,-4270.684877058767,51
3,RandomLiquidityAgent,100.0,0.0,0.0,-78.0,-4281.648126691095,52
3,RandomLiquidityAgent,100.0,0.0,0.0,-67.5,-3795.265630367814,53
3,RandomLiquidityAgent,100.0,0.0,0.0,-56.5,-3316.1773434180786,54
3,RandomLiquidityAgent,100.0,0.0,0.0,-56.0,-3286.758199943211,55
3,RandomLiquidityAgent,100.0,0.0,0.0,-53.5,-3117.19965039486,56
3,RandomLiquidityAgent,100.0,0.0,0.0,-58.5,-3400.1031401209484,57
3,RandomLiquidityAgent,100.0,0.0,0.0,-66.5,-3865.5124460571847,58
3,RandomLiquidityAgent,100.0,0.0,0.0,-45.0,-2692.5391809561356,59
3,RandomLiquidityAgent,100.0,0.0,0.0,-44.5,-2674.1641809561356,60
3,RandomLiquidityAgent,100.0,0.0,0.0,-39.0,-2425.2891809561356,61
3,RandomLiquidityAgent,100.0,0.0,0.0,-50.0,-2958.987253511712,62
3,RandomLiquidityAgent,100.0,0.0,0.0,-61.0,-3522.6350400326783,63
3,RandomLiquidityAgent,100.0,0.0,0.0,-55.5,-3245.505867181517,64
3,RandomLiquidityAgent,100.0,0.0,0.0,-50.0,-2971.886877553472,65
3,RandomLiquidityAgent,100.0,0.0,0.0,-44.5,-2679.8329046496597,66
3,RandomLiquidityAgent,100.0,0.0,0.0,-55.5,-3294.4258491105275,67
3,RandomLiquidityAgent,100.0,0.0,0.0,-39.0,-2342.698295799657,68
3,RandomLiquidityAgent,100.0,0.0,0.0,-50.0,-2943.523708185387,69
3,RandomLiquidityAgent,100.0,0.0,0.0,-55.5,-3229.523708185387,70
3,RandomLiquidityAgent,100.0,0.0,0.0,-44.5,-2684.100897534194,71
3,RandomLiquidityAgent,100.0,0.0,0.0,-49.5,-2981.0537654390396,72
3,RandomLiquidityAgent,100.0,0.0,0.0,-44.0,-2649.505954787846,73
3,RandomLiquidityAgent,100.0,0.0,0.0,-49.5,-2970.169788228936,74
3,RandomLiquidityAgent,100.0,0.0,0.0,-38.5,-2338.3054689879996,75
3,RandomLiquidityAgent,100.0,0.0,0.0,-44.0,-2625.443454787846,76
3,RandomLiquidityAgent,100.0,0.0,0.0,-56.0,-3277.943454787846,77
3,RandomLiquidityAgent,100.0,0.0,0.0,-56.0,-3264.193454787846,78
3,RandomLiquidityAgent,100.0,0.0,0.0,-45.0,-2742.2667456365953,79
3,RandomLiquidityAgent,100.0,0.0,0.0,-34.0,-2235.052609367371,80
3,RandomLiquidityAgent,100.0,0.0,0.0,-39.0,-2488.32056471653,81
3,RandomLiquidityAgent,100.0,0.0,0.0,-38.5,-2461.6772950336326,82
3,RandomLiquidityAgent,100.0,0.0,0.0,-38.5,-2464.6772950336326,83
3,RandomLiquidityAgent,100.0,0.0,0.0,-33.0,-2181.99390860283,84
3,RandomLiquidityAgent,100.0,0.0,0.0,-38.5,-2455.139852585823,85
3,RandomLiquidityAgent,100.0,0.0,0.0,-33.5,-2225.741243794137,86
3,RandomLiquidityAgent,100.0,0.0,0.0,-39.5,-2496.2552835404454,87
3,RandomLiquidityAgent,100.0,0.0,0.0,-44.5,-2710.225316662369,88
3,RandomLiquidityAgent,100.0,0.0,0.0,-33.5,-2174.662816662369,89
3,RandomLiquidityAgent,100.0,0.0,0.0,-33.5,-2180.162816662369,90
3,RandomLiquidityAgent,100.0,0.0,0.0,-22.5,-1679.8265604358598,91
3,RandomLiquidityAgent,100.0,0.0,0.0,-22.0,-1670.8340033346549,92
3,RandomLiquidityAgent,100.0,0.0,0.0,-11.0,-1178.0896774294508,93
3,RandomLiquidityAgent,100.0,0.0,0.0,-11.0,-1178.0896774294508,94
3,RandomLiquidityAgent,100.0,0.0,0.0,-22.0,-1707.8269088366771,95
3,RandomLiquidityAgent,100.0,0.0,0.0,-22.0,-1723.8269088366774,96
3,RandomLiquidityAgent,100.0,0.0,0.0,-22.0,-1751.3269088366776,97
3,RandomLiquidityAgent,100.0,0.0,0.0,-22.0,-1751.3269088366776,98
3,RandomLiquidityAgent,100.0,0.0,0.0,-21.5,-1745.4460861088787,99
3,RandomLiquidityAgent,100.0,0.0,0.0,-32.5,-2335.6440861410983,100
3,RandomLiquidityAgent,100.0,0.0,0.0,-21.5,-1793.8308115263058,101
3,RandomLiquidityAgent,100.0,0.0,0.0,-27.0,-2049.6957052447287,102
3,RandomLiquidityAgent,100.0,0.0,0.0,-37.5,-2567.3637709240747,103
3,RandomLiquidityAgent,100.0,0.0,0.0,-21.0,-1680.06334228516,104
3,RandomLiquidityAgent,100.0,0.0,0.0,-31.5,-2242.4705682206713,105
3,RandomLiquidityAgent,100.0,0.0,0.0,-37.0,-2525.881016749734,106
3,RandomLiquidityAgent,100.0,0.0,0.0,-26.5,-1999.535927035085,107
3,RandomLiquidityAgent,100.0,0.0,0.0,-37.0,-2534.048102702634,108
3,RandomLiquidityAgent,100.0,0.0,0.0,-42.5,-2837.6089837199775,109
3,RandomLiquidityAgent,100.0,0.0,0.0,-48.0,-3133.607364737321,110
3,RandomLiquidityAgent,100.0,0.0,0.0,-43.0,-2866.8219194980934,111
3,RandomLiquidityAgent,100.0,0.0,0.0,-59.0,-3701.3219194980934,112
3,RandomLiquidityAgent,100.0,0.0,0.0,-64.5,-3982.9546383290167,113
3,RandomLiquidityAgent,100.0,0.0,0.0,-70.0,-4277.6498571599395,114
3,RandomLiquidityAgent,100.0,0.0,0.0,-64.5,-3984.8933088107406,115
3,RandomLiquidityAgent,100.0,0.0,0.0,-64.5,-3995.0045089064342,116
3,RandomLiquidityAgent,100.0,0.0,0.0,-65.0,-4000.100525481887,117
3,RandomLiquidityAgent,100.0,0.0,0.0,-65.0,-4000.1005254818865,118
3,RandomLiquidityAgent,100.0,0.0,0.0,-59.5,-3711.3505254818865,119
3,RandomLiquidityAgent,100.0,0.0,0.0,-65.5,-4025.9310236639444,120
3,RandomLiquidityAgent,100.0,0.0,0.0,-82.0,-4872.906373873273,121
3,RandomLiquidityAgent,100.0,0.0,0.0,-82.0,-4872.906373873273,122
3,RandomLiquidityAgent,100.0,0.0,0.0,-76.5,-4570.169135435385,123
3,RandomLiquidityAgent,100.0,0.0,0.0,-87.0,-5092.683858468874,124
3,RandomLiquidityAgent,100.0,0.0,0.0,-92.5,-5398.495770892061,125
3,RandomLiquidityAgent,100.0,0.0,0.0,-87.0,-5096.121358468874,126
3,RandomLiquidityAgent,100.0,0.0,0.0,-81.5,-4800.944709684673,127
3,RandomLiquidityAgent,100.0,0.0,0.0,-76.0,-4492.728660283406,128
3,RandomLiquidityAgent,100.0,0.0,0.0,-70.5,-4202.361911793571,129
3,RandomLiquidityAgent,100.0,0.0,0.0,-70.5,-4202.361911793571,130
3,RandomLiquidityAgent,100.0,0.0,0.0,-76.0,-4500.409790684419,131
3,RandomLiquidityAgent,100.0,0.0,0.0,-65.0,-3874.446761934136,132
3,RandomLiquidityAgent,100.0,0.0,0.0,-66.0,-3956.1273659965173,133
3,RandomLiquidityAgent,100.0,0.0,0.0,-71.0,-4257.794944592626,134
3,RandomLiquidityAgent,100.0,0.0,0.0,-70.5,-4241.36297902591,135
3,RandomLiquidityAgent,100.0,0.0,0.0,-71.0,-4267.869288077415,136
3,RandomLiquidityAgent,100.0,0.0,0.0,-60.5,-3754.7375633922848,137
3,RandomLiquidityAgent,100.0,0.0,0.0,-48.5,-3130.5406941265724,138
3,RandomLiquidityAgent,100.0,0.0,0.0,-48.5,-3130.5406941265724,139
3,RandomLiquidityAgent,100.0,0.0,0.0,-37.5,-2569.8185830507523,140
3,RandomLiquidityAgent,100.0,0.0,0.0,-37.5,-2569.8185830507523,141
3,RandomLiquidityAgent,100.0,0.0,0.0,-54.0,-3387.254100872605,142
3,RandomLiquidityAgent,100.0,0.0,0.0,-54.0,-3439.6144851103645,143
3,RandomLiquidityAgent,100.0,0.0,0.0,-54.0,-3453.8815094837455,144
3,RandomLiquidityAgent,100.0,0.0,0.0,-42.5,-2834.0974412663086,145
3,RandomLiquidityAgent,100.0,0.0,0.0,-37.0,-2545.315580004306,146
3,RandomLiquidityAgent,100.0,0.0,0.0,-42.5,-2872.9994260178314,147
3,RandomLiquidityAgent,100.0,0.0,0.0,-42.5,-2874.3744260178314,148
3,RandomLiquidityAgent,100.0,0.0,0.0,-48.0,-3158.3119260178314,149
3,RandomLiquidityAgent,100.0,0.0,0.0,-58.5,-3726.5619260178314,150
3,RandomLiquidityAgent,100.0,0.0,0.0,-47.5,-3115.169805087063,151
3,RandomLiquidityAgent,100.0,0.0,0.0,-53.0,-3441.111262020271,152
3,RandomLiquidityAgent,100.0,0.0,0.0,-42.5,-2837.762750131539,153
3,RandomLiquidityAgent,100.0,0.0,0.0,-53.5,-3457.137750131539,154
3,RandomLiquidityAgent,100.0,0.0,0.0,-69.5,-4315.873322827632,155
3,RandomLiquidityAgent,100.0,0.0,0.0,-64.5,-4058.8465813601033,156
3,RandomLiquidityAgent,100.0,0.0,0.0,-70.0,-4307.80422152283,157
3,RandomLiquidityAgent,100.0,0.0,0.0,-75.5,-4560.110790625637,158
3,RandomLiquidityAgent,100.0,0.0,0.0,-81.0,-4869.825544607374,159
3,RandomLiquidityAgent,100.0,0.0,0.0,-87.0,-5137.054553562233,160
3,RandomLiquidityAgent,100.0,0.0,0.0,-87.0,-5120.554553562233,161
3,RandomLiquidityAgent,100.0,0.0,0.0,-98.0,-5669.804553562233,162
3,RandomLiquidityAgent,100.0,0.0,0.0,-98.0,-5682.534072601517,163
3,RandomLiquidityAgent,100.0,0.0,0.0,-97.5,-5657.251843597946,164
3,RandomLiquidityAgent,100.0,0.0,0.0,-92.0,-5382.584824558662,165
3,RandomLiquidityAgent,100.0,0.0,0.0,-97.5,-5666.660174911891,166
3,RandomLiquidityAgent,100.0,0.0,0.0,-81.5,-4997.682113447722,167
3,RandomLiquidityAgent,100.0,0.0,0.0,-81.0,-4978.237031264962,168
3,RandomLiquidityAgent,100.0,0.0,0.0,-70.5,-4607.312365811087,169
3,RandomLiquidityAgent,100.0,0.0,0.0,-76.0,-4816.872237498183,170
3,RandomLiquidityAgent,100.0,0.0,0.0,-70.5,-4626.936523599377,171
3,RandomLiquidityAgent,100.0,0.0,0.0,-75.5,-4881.436523599377,172
3,RandomLiquidityAgent,100.0,0.0,0.0,-70.0,-4585.811523599377,173
3,RandomLiquidityAgent,100.0,0.0,0.0,-81.0,-5165.896891268829,174
3,RandomLiquidityAgent,100.0,0.0,0.0,-75.5,-4892.478332704563,175
3,RandomLiquidityAgent,100.0,0.0,0.0,-81.0,-5164.091384309359,176
3,RandomLiquidityAgent,100.0,0.0,0.0,-75.5,-4933.277105312878,177
3,RandomLiquidityAgent,100.0,0.0,0.0,-86.5,-5493.057713554997,178
3,RandomLiquidityAgent,100.0,0.0,0.0,-81.0,-5230.277105312878,179
3,RandomLiquidityAgent,100.0,0.0,0.0,-76.0,-4966.121925258505,180
3,RandomLiquidityAgent,100.0,0.0,0.0,-70.0,-4660.474220880965,181
3,RandomLiquidityAgent,100.0,0.0,0.0,-59.5,-4101.689207697277,182
3,RandomLiquidityAgent,100.0,0.0,0.0,-75.5,-5034.200959993663,183
3,RandomLiquidityAgent,100.0,0.0,0.0,-87.0,-5706.7010335651785,184
3,RandomLiquidityAgent,100.0,0.0,0.0,-76.0,-5031.010855797679,185
3,RandomLiquidityAgent,100.0,0.0,0.0,-81.5,-5387.360221175719,186
3,RandomLiquidityAgent,100.0,0.0,0.0,-76.5,-5136.110221175719,187
3,RandomLiquidityAgent,100.0,0.0,0.0,-71.5,-4861.103504973175,188
3,RandomLiquidityAgent,100.0,0.0,0.0,-71.5,-4874.853504973175,189
3,RandomLiquidityAgent,100.0,0.0,0.0,-82.5,-5510.439517894868,190
3,RandomLiquidityAgent,100.0,0.0,0.0,-82.5,-5526.029427523868,191
3,RandomLiquidityAgent,100.0,0.0,0.0,-88.0,-5826.054888799215,192
3,RandomLiquidityAgent,100.0,0.0,0.0,-88.0,-5823.304888799215,193
3,RandomLiquidityAgent,100.0,0.0,0.0,-98.5,-6255.096720843041,194
3,RandomLiquidityAgent,100.0,0.0,0.0,-92.5,-5964.840673960855,195
3,RandomLiquidityAgent,100.0,0.0,0.0,-103.5,-6514.860031653091,196
3,RandomLiquidityAgent,100.0,0.0,0.0,-109.0,-6793.8351210066985,197
3,RandomLiquidityAgent,100.0,0.0,0.0,-109.0,-6793.8351210066985,198
3,RandomLiquidityAgent,100.0,0.0,0.0,-104.0,-6565.183668385221,199
4,DispatchableAgent,100.0,50.0,0.0,0.0,0.0,0
4,DispatchableAgent,100.0,50.0,0.0,-5.0,-222.5,1
4,DispatchableAgent,100.0,50.0,0.0,-6.0,-262.75,2
4,DispatchableAgent,100.0,50.0,0.0,-10.0,-435.3234891076728,3
4,DispatchableAgent,100.0,50.0,0.0,-10.5,-457.14014618655017,4
4,DispatchableAgent,100.0,50.0,0.0,-20.0,-864.4715383402241,5
4,DispatchableAgent,100.0,50.0,0.0,-15.0,-627.8031199314556,6
4,DispatchableAgent,100.0,50.0,0.0,-15.0,-627.8031199314556,7
4,DispatchableAgent,100.0,50.0,0.0,-15.5,-649.7184627360505,8
4,DispatchableAgent,100.0,50.0,0.0,-20.0,-849.1624737466024,9
4,DispatchableAgent,100.0,50.0,0.0,-20.0,-849.1624737466024,10
4,DispatchableAgent,100.0,50.0,0.0,-20.0,-849.1624737466024,11
4,DispatchableAgent,100.0,50.0,0.0,-20.0,-849.1624737466024,12
4,DispatchableAgent,100.0,50.0,0.0,-15.0,-581.6624737466024,13
4,DispatchableAgent,100.0,50.0,0.0,-10.0,-321.22785589978497,14
4,DispatchableAgent,100.0,50.0,0.0,-5.0,-51.33497377741975,15
4,DispatchableAgent,100.0,50.0,0.0,-5.0,-51.33497377741975,16
4,DispatchableAgent,100.0,50.0,0.0,5.0,427.4746650006783,17
4,DispatchableAgent,100.0,50.0,0.0,5.0,427.4746650006783,18
4,DispatchableAgent,100.0,50.0,0.0,5.0,427.4746650006783,19
4,DispatchableAgent,100.0,50.0,0.0,10.0,699.9746650006783,20
4,DispatchableAgent,100.0,50.0,0.0,11.5,776.4174286103874,21
4,DispatchableAgent,100.0,50.0,0.0,11.5,776.4174286103874,22
4,DispatchableAgent,100.0,50.0,0.0,16.5,1018.287545585856,23
4,DispatchableAgent,100.0,50.0,0.0,21.5,1269.888561362092,24
4,DispatchableAgent,100.0,50.0,0.0,26.5,1519.6818524381363,25
4,DispatchableAgent,100.0,50.0,0.0,26.5,1519.6818524381363,26
4,DispatchableAgent,100.0,50.0,0.0,36.5,1986.9788498936264,27
4,DispatchableAgent,100.0,50.0,0.0,36.0,1965.3442811877233,28
4,DispatchableAgent,100.0,50.0,0.0,26.5,1553.8219282151476,29
4,DispatchableAgent,100.0,50.0,0.0,31.5,1787.7365842894044,30
4,DispatchableAgent,100.0,50.0,0.0,26.5,1577.5719282151476,31
4,DispatchableAgent,100.0,50.0,0.0,21.5,1360.5322721408909,32
4,DispatchableAgent,100.0,50.0,0.0,16.5,1147.2426160666341,33
4,DispatchableAgent,100.0,50.0,0.0,11.5,949.5013825422667,34
4,DispatchableAgent,100.0,50.0,0.0,11.5,949.5013825422667,35
4,DispatchableAgent,100.0,50.0,0.0,6.5,736.8807741316385,36
4,DispatchableAgent,100.0,50.0,0.0,11.5,988.2576070239777,37
4,DispatchableAgent,100.0,50.0,0.0,6.5,768.5522530118753,38
4,DispatchableAgent,100.0,50.0,0.0,11.5,1041.0522530118753,39
4,DispatchableAgent,100.0,50.0,0.0,16.5,1298.4268863744292,40
4,DispatchableAgent,100.0,50.0,0.0,21.5,1559.155990069241,41
4,DispatchableAgent,100.0,50.0,0.0,26.5,1836.3038606352993,42
4,DispatchableAgent,100.0,50.0,0.0,26.5,1836.3038606352993,43
4,DispatchableAgent,100.0,50.0,0.0,26.5,1836.3038606352993,44
4,DispatchableAgent,100.0,50.0,0.0,21.5,1635.8461335572156,45
4,DispatchableAgent,100.0,50.0,0.0,21.5,1635.8461335572156,46
4,DispatchableAgent,100.0,50.0,0.0,26.5,1872.0750671823737,47
4,DispatchableAgent,100.0,50.0,0.0,26.5,1872.0750671823737,48
4,DispatchableAgent,100.0,50.0,0.0,31.5,2133.3250671823735,49
4,DispatchableAgent,100.0,50.0,0.0,31.5,2133.3250671823735,50
4,DispatchableAgent,100.0,50.0,0.0,41.5,2630.0900598289363,51
4,DispatchableAgent,100.0,50.0,0.0,41.5,2630.0900598289363,52
4,DispatchableAgent,100.0,50.0,0.0,41.5,2630.0900598289363,53
4,DispatchableAgent,100.0,50.0,0.0,41.5,2630.0900598289363,54
4,DispatchableAgent,100.0,50.0,0.0,46.5,2880.0900598289363,55
4,DispatchableAgent,100.0,50.0,0.0,50.0,3063.8400598289363,56
4,DispatchableAgent,100.0,50.0,0.0,50.0,3063.8400598289363,57
4,DispatchableAgent,100.0,50.0,0.0,50.0,3063.8400598289363,58
4,DispatchableAgent,100.0,50.0,0.0,50.0,3063.8400598289363,59
4,DispatchableAgent,100.0,50.0,0.0,50.0,3063.8400598289363,60
4,DispatchableAgent,100.0,50.0,0.0,50.0,3063.8400598289363,61
4,DispatchableAgent,100.0,50.0,0.0,50.0,3063.8400598289363,62
4,DispatchableAgent,100.0,50.0,0.0,50.0,3063.8400598289363,63
4,DispatchableAgent,100.0,50.0,0.0,50.0,3063.8400598289363,64
4,DispatchableAgent,100.0,50.0,0.0,50.0,3063.8400598289363,65
4,DispatchableAgent,100.0,50.0,0.0,50.0,3063.8400598289363,66
4,DispatchableAgent,100.0,50.0,0.0,50.0,3063.8400598289363,67
4,DispatchableAgent,100.0,50.0,0.0,50.0,3063.8400598289363,68
4,DispatchableAgent,100.0,50.0,0.0,50.0,3063.8400598289363,69
4,DispatchableAgent,100.0,50.0,0.0,50.0,3063.8400598289363,70
4,DispatchableAgent,100.0,50.0,0.0,50.0,3063.8400598289363,71
4,DispatchableAgent,100.0,50.0,0.0,50.0,3063.8400598289363,72
4,DispatchableAgent,100.0,50.0,0.0,50.0,3063.8400598289363,73
4,DispatchableAgent,100.0,50.0,0.0,50.0,3063.8400598289363,74
4,DispatchableAgent,100.0,50.0,0.0,50.0,3063.8400598289363,75
4,DispatchableAgent,100.0,50.0,0.0,50.0,3063.8400598289363,76
4,DispatchableAgent,100.0,50.0,0.0,50.0,3063.8400598289363,77
4,DispatchableAgent,100.0,50.0,0.0,50.0,3063.8400598289363,78
4,DispatchableAgent,100.0,50.0,0.0,50.0,3063.8400598289363,79
4,DispatchableAgent,100.0,50.0,0.0,50.0,3063.8400598289363,80
4,DispatchableAgent,100.0,50.0,0.0,50.0,3063.8400598289363,81
4,DispatchableAgent,100.0,50.0,0.0,50.0,3063.8400598289363,82
4,DispatchableAgent,100.0,50.0,0.0,50.0,3063.8400598289363,83
4,DispatchableAgent,100.0,50.0,0.0,50.0,3063.8400598289363,84
4,DispatchableAgent,100.0,50.0,0.0,50.0,3063.8400598289363,85
4,DispatchableAgent,100.0,50.0,0.0,50.0,3063.8400598289363,86
4,DispatchableAgent,100.0,50.0,0.0,50.0,3063.8400598289363,87
4,DispatchableAgent,100.0,50.0,0.0,50.0,3063.8400598289363,88
4,DispatchableAgent,100.0,50.0,0.0,50.0,3063.8400598289363,89
4,DispatchableAgent,100.0,50.0,0.0,50.0,3063.8400598289363,90
4,DispatchableAgent,100.0,50.0,0.0,50.0,3063.8400598289363,91
4,DispatchableAgent,100.0,50.0,0.0,50.0,3063.8400598289363,92
4,DispatchableAgent,100.0,50.0,0.0,50.0,3063.8400598289363,93
4,DispatchableAgent,100.0,50.0,0.0,50.0,3063.8400598289363,94
4,DispatchableAgent,100.0,50.0,0.0,50.0,3063.8400598289363,95
4,DispatchableAgent,100.0,50.0,0.0,50.0,3063.8400598289363,96
4,DispatchableAgent,100.0,50.0,0.0,50.0,3063.8400598289363,97
4,DispatchableAgent,100.0,50.0,0.0,50.0,3063.8400598289363,98
4,DispatchableAgent,100.0,50.0,0.0,50.0,3063.8400598289363,99
4,DispatchableAgent,100.0,50.0,0.0,50.0,3063.8400598289363,100
4,DispatchableAgent,100.0,50.0,0.0,50.0,3063.8400598289363,101
4,DispatchableAgent,100.0,50.0,0.0,50.0,3063.8400598289363,102
4,DispatchableAgent,100.0,50.0,0.0,50.0,3063.8400598289363,103
4,DispatchableAgent,100.0,50.0,0.0,50.0,3063.8400598289363,104
4,DispatchableAgent,100.0,50.0,0.0,50.0,3063.8400598289363,105
4,DispatchableAgent,100.0,50.0,0.0,50.0,3063.8400598289363,106
4,DispatchableAgent,100.0,50.0,0.0,50.0,3063.8400598289363,107
4,DispatchableAgent,100.0,50.0,0.0,50.0,3063.8400598289363,108
4,DispatchableAgent,100.0,50.0,0.0,50.0,3063.8400598289363,109
4,DispatchableAgent,100.0,50.0,0.0,50.0,3063.8400598289363,110
4,DispatchableAgent,100.0,50.0,0.0,50.0,3063.8400598289363,111
4,DispatchableAgent,100.0,50.0,0.0,50.0,3063.8400598289363,112
4,DispatchableAgent,100.0,50.0,0.0,50.0,3063.8400598289363,113
4,DispatchableAgent,100.0,50.0,0.0,50.0,3063.8400598289363,114
4,DispatchableAgent,100.0,50.0,0.0,50.0,3063.8400598289363,115
4,DispatchableAgent,100.0,50.0,0.0,50.0,3063.8400598289363,116
4,DispatchableAgent,100.0,50.0,0.0,50.0,3063.8400598289363,117
4,DispatchableAgent,100.0,50.0,0.0,50.0,3063.8400598289363,118
4,DispatchableAgent,100.0,50.0,0.0,50.0,3063.8400598289363,119
4,DispatchableAgent,100.0,50.0,0.0,50.0,3063.8400598289363,120
4,DispatchableAgent,100.0,50.0,0.0,50.0,3063.8400598289363,121
4,DispatchableAgent,100.0,50.0,0.0,50.0,3063.8400598289363,122
4,DispatchableAgent,100.0,50.0,0.0,50.0,3063.8400598289363,123
4,DispatchableAgent,100.0,50.0,0.0,50.0,3063.8400598289363,124
4,DispatchableAgent,100.0,50.0,0.0,50.0,3063.8400598289363,125
4,DispatchableAgent,100.0,50.0,0.0,50.0,3063.8400598289363,126
4,DispatchableAgent,100.0,50.0,0.0,50.0,3063.8400598289363,127
4,DispatchableAgent,100.0,50.0,0.0,50.0,3063.8400598289363,128
4,DispatchableAgent,100.0,50.0,0.0,50.0,3063.8400598289363,129
4,DispatchableAgent,100.0,50.0,0.0,50.0,3063.8400598289363,130
4,DispatchableAgent,100.0,50.0,0.0,50.0,3063.8400598289363,131
4,DispatchableAgent,100.0,50.0,0.0,50.0,3063.8400598289363,132
4,DispatchableAgent,100.0,50.0,0.0,50.0,3063.8400598289363,133
4,DispatchableAgent,100.0,50.0,0.0,50.0,3063.8400598289363,134
4,DispatchableAgent,100.0,50.0,0.0,50.0,3063.8400598289363,135
4,DispatchableAgent,100.0,50.0,0.0,50.0,3063.8400598289363,136
4,DispatchableAgent,100.0,50.0,0.0,50.0,3063.8400598289363,137
4,DispatchableAgent,100.0,50.0,0.0,50.0,3063.8400598289363,138
4,DispatchableAgent,100.0,50.0,0.0,50.0,3063.8400598289363,139
4,DispatchableAgent,100.0,50.0,0.0,50.0,3063.8400598289363,140
4,DispatchableAgent,100.0,50.0,0.0,50.0,3063.8400598289363,141
4,DispatchableAgent,100.0,50.0,0.0,50.0,3063.8400598289363,142
4,DispatchableAgent,100.0,50.0,0.0,50.0,3063.8400598289363,143
4,DispatchableAgent,100.0,50.0,0.0,50.0,3063.8400598289363,144
4,DispatchableAgent,100.0,50.0,0.0,50.0,3063.8400598289363,145
4,DispatchableAgent,100.0,50.0,0.0,50.0,3063.8400598289363,146
4,DispatchableAgent,100.0,50.0,0.0,50.0,3063.8400598289363,147
4,DispatchableAgent,100.0,50.0,0.0,50.0,3063.8400598289363,148
4,DispatchableAgent,100.0,50.0,0.0,50.0,3063.8400598289363,149
4,DispatchableAgent,100.0,50.0,0.0,50.0,3063.8400598289363,150
4,DispatchableAgent,100.0,50.0,0.0,50.0,3063.8400598289363,151
4,DispatchableAgent,100.0,50.0,0.0,50.0,3063.8400598289363,152
4,DispatchableAgent,100.0,50.0,0.0,50.0,3063.8400598289363,153
4,DispatchableAgent,100.0,50.0,0.0,50.0,3063.8400598289363,154
4,DispatchableAgent,100.0,50.0,0.0,50.0,3063.8400598289363,155
4,DispatchableAgent,100.0,50.0,0.0,50.0,3063.8400598289363,156
4,DispatchableAgent,100.0,50.0,0.0,50.0,3063.8400598289363,157
4,DispatchableAgent,100.0,50.0,0.0,50.0,3063.8400598289363,158
4,DispatchableAgent,100.0,50.0,0.0,50.0,3063.8400598289363,159
4,DispatchableAgent,100.0,50.0,0.0,50.0,3063.8400598289363,160
4,DispatchableAgent,100.0,50.0,0.0,50.0,3063.8400598289363,161
4,DispatchableAgent,100.0,50.0,0.0,50.0,3063.8400598289363,162
4,DispatchableAgent,100.0,50.0,0.0,50.0,3063.8400598289363,163
4,DispatchableAgent,100.0,50.0,0.0,50.0,3063.8400598289363,164
4,DispatchableAgent,100.0,50.0,0.0,50.0,3063.8400598289363,165
4,DispatchableAgent,100.0,50.0,0.0,50.0,3063.8400598289363,166
4,DispatchableAgent,100.0,50.0,0.0,50.0,3063.8400598289363,167
4,DispatchableAgent,100.0,50.0,0.0,50.0,3063.8400598289363,168
4,DispatchableAgent,100.0,50.0,0.0,50.0,3063.8400598289363,169
4,DispatchableAgent,100.0,50.0,0.0,50.0,3063.8400598289363,170
4,DispatchableAgent,100.0,50.0,0.0,50.0,3063.8400598289363,171
4,DispatchableAgent,100.0,50.0,0.0,50.0,3063.8400598289363,172
4,DispatchableAgent,100.0,50.0,0.0,50.0,3063.8400598289363,173
4,DispatchableAgent,100.0,50.0,0.0,50.0,3063.8400598289363,174
4,DispatchableAgent,100.0,50.0,0.0,50.0,3063.8400598289363,175
4,DispatchableAgent,100.0,50.0,0.0,50.0,3063.8400598289363,176
4,DispatchableAgent,100.0,50.0,0.0,50.0,3063.8400598289363,177
4,DispatchableAgent,100.0,50.0,0.0,50.0,3063.8400598289363,178
4,DispatchableAgent,100.0,50.0,0.0,50.0,3063.8400598289363,179
4,DispatchableAgent,100.0,50.0,0.0,50.0,3063.8400598289363,180
4,DispatchableAgent,100.0,50.0,0.0,50.0,3063.8400598289363,181
4,DispatchableAgent,100.0,50.0,0.0,50.0,3063.8400598289363,182
4,DispatchableAgent,100.0,50.0,0.0,50.0,3063.8400598289363,183
4,DispatchableAgent,100.0,50.0,0.0,50.0,3063.8400598289363,184
4,DispatchableAgent,100.0,50.0,0.0,50.0,3063.8400598289363,185
4,DispatchableAgent,100.0,50.0,0.0,50.0,3063.8400598289363,186
4,DispatchableAgent,100.0,50.0,0.0,50.0,3063.8400598289363,187
4,DispatchableAgent,100.0,50.0,0.0,50.0,3063.8400598289363,188
4,DispatchableAgent,100.0,50.0,0.0,50.0,3063.8400598289363,189
4,DispatchableAgent,100.0,50.0,0.0,50.0,3063.8400598289363,190
4,DispatchableAgent,100.0,50.0,0.0,50.0,3063.8400598289363,191
4,DispatchableAgent,100.0,50.0,0.0,50.0,3063.8400598289363,192
4,DispatchableAgent,100.0,50.0,0.0,50.0,3063.8400598289363,193
4,DispatchableAgent,100.0,50.0,0.0,50.0,3063.8400598289363,194
4,DispatchableAgent,100.0,50.0,0.0,50.0,3063.8400598289363,195
4,DispatchableAgent,100.0,50.0,0.0,50.0,3063.8400598289363,196
4,DispatchableAgent,100.0,50.0,0.0,50.0,3063.8400598289363,197
4,DispatchableAgent,100.0,50.0,0.0,50.0,3063.8400598289363,198
4,DispatchableAgent,100.0,50.0,0.0,50.0,3063.8400598289363,199
5,DispatchableAgent,100.0,50.0,0.0,0.0,0.0,0
5,DispatchableAgent,100.0,50.0,0.0,-0.5,-22.25,1
5,DispatchableAgent,100.0,50.0,0.0,-10.0,-446.47997312216967,2
5,DispatchableAgent,100.0,50.0,0.0,-10.0,-446.47997312216967,3
5,DispatchableAgent,100.0,50.0,0.0,-10.0,-446.47997312216967,4
5,DispatchableAgent,100.0,50.0,0.0,-15.0,-664.0219443483492,5
5,DispatchableAgent,100.0,50.0,0.0,-14.5,-640.3551025074723,6
5,DispatchableAgent,100.0,50.0,0.0,-14.5,-640.3551025074723,7
5,DispatchableAgent,100.0,50.0,0.0,-14.5,-640.3551025074723,8
5,DispatchableAgent,100.0,50.0,0.0,-14.5,-640.3551025074723,9
5,DispatchableAgent,100.0,50.0,0.0,-14.5,-640.3551025074723,10
5,DispatchableAgent,100.0,50.0,0.0,-14.5,-640.3551025074723,11
5,DispatchableAgent,100.0,50.0,0.0,-14.5,-640.3551025074723,12
5,DispatchableAgent,100.0,50.0,0.0,-14.0,-613.6051025074723,13
5,DispatchableAgent,100.0,50.0,0.0,-4.5,-118.38817253638368,14
5,DispatchableAgent,100.0,50.0,0.0,0.5,143.00470958598152,15
5,DispatchableAgent,100.0,50.0,0.0,0.5,143.00470958598152,16
5,DispatchableAgent,100.0,50.0,0.0,6.5,415.6549239268928,17
5,DispatchableAgent,100.0,50.0,0.0,10.5,601.0504109898394,18
5,DispatchableAgent,100.0,50.0,0.0,10.5,601.0504109898394,19
5,DispatchableAgent,100.0,50.0,0.0,15.5,869.0504109898394,20
5,DispatchableAgent,100.0,50.0,0.0,20.5,1115.109623022203,21
5,DispatchableAgent,100.0,50.0,0.0,20.5,1115.109623022203,22
5,DispatchableAgent,100.0,50.0,0.0,25.5,1356.2383240496436,23
5,DispatchableAgent,100.0,50.0,0.0,30.5,1602.3354353655343,24
5,DispatchableAgent,100.0,50.0,0.0,35.5,1852.1287264415785,25
5,DispatchableAgent,100.0,50.0,0.0,35.5,1852.1287264415785,26
5,DispatchableAgent,100.0,50.0,0.0,36.0,1876.0729130493694,27
5,DispatchableAgent,100.0,50.0,0.0,40.5,2081.0249561340916,28
5,DispatchableAgent,100.0,50.0,0.0,40.0,2059.829282042743,29
5,DispatchableAgent,100.0,50.0,0.0,45.0,2286.993938117,30
5,DispatchableAgent,100.0,50.0,0.0,40.0,2074.579282042743,31
5,DispatchableAgent,100.0,50.0,0.0,35.0,1855.2896259684865,32
5,DispatchableAgent,100.0,50.0,0.0,30.0,1639.7499698942297,33
5,DispatchableAgent,100.0,50.0,0.0,29.0,1600.0517231893562,34
5,DispatchableAgent,100.0,50.0,0.0,29.0,1600.0517231893562,35
5,DispatchableAgent,100.0,50.0,0.0,28.5,1578.7896623482934,36
5,DispatchableAgent,100.0,50.0,0.0,29.0,1622.6268402269025,37
5,DispatchableAgent,100.0,50.0,0.0,28.5,1600.6563048256921,38
5,DispatchableAgent,100.0,50.0,0.0,28.5,1605.890787679396,39
5,DispatchableAgent,100.0,50.0,0.0,38.0,2090.8374448448712,40
5,DispatchableAgent,100.0,50.0,0.0,43.0,2342.566548539683,41
5,DispatchableAgent,100.0,50.0,0.0,48.0,2619.1519191057414,42
5,DispatchableAgent,100.0,50.0,0.0,48.0,2619.1519191057414,43
5,DispatchableAgent,100.0,50.0,0.0,50.0,2710.883166042586,44
5,DispatchableAgent,100.0,50.0,0.0,50.0,2710.883166042586,45
5,DispatchableAgent,100.0,50.0,0.0,50.0,2710.883166042586,46
5,DispatchableAgent,100.0,50.0,0.0,50.0,2710.883166042586,47
5,DispatchableAgent,100.0,50.0,0.0,50.0,2710.883166042586,48
5,DispatchableAgent,100.0,50.0,0.0,50.0,2710.883166042586,49
5,DispatchableAgent,100.0,50.0,0.0,50.0,2710.883166042586,50
5,DispatchableAgent,100.0,50.0,0.0,50.0,2710.883166042586,51
5,DispatchableAgent,100.0,50.0,0.0,50.0,2710.883166042586,52
5,DispatchableAgent,100.0,50.0,0.0,50.0,2710.883166042586,53
5,DispatchableAgent,100.0,50.0,0.0,50.0,2710.883166042586,54
5,DispatchableAgent,100.0,50.0,0.0,50.0,2710.883166042586,55
5,DispatchableAgent,100.0,50.0,0.0,50.0,2710.883166042586,56
5,DispatchableAgent,100.0,50.0,0.0,50.0,2710.883166042586,57
5,DispatchableAgent,100.0,50.0,0.0,50.0,2710.883166042586,58
5,DispatchableAgent,100.0,50.0,0.0,50.0,2710.883166042586,59
5,DispatchableAgent,100.0,50.0,0.0,50.0,2710.883166042586,60
5,DispatchableAgent,100.0,50.0,0.0,50.0,2710.883166042586,61
5,DispatchableAgent,100.0,50.0,0.0,50.0,2710.883166042586,62
5,DispatchableAgent,100.0,50.0,0.0,50.0,2710.883166042586,63
5,DispatchableAgent,100.0,50.0,0.0,50.0,2710.883166042586,64
5,DispatchableAgent,100.0,50.0,0.0,50.0,2710.883166042586,65
5,DispatchableAgent,100.0,50.0,0.0,50.0,2710.883166042586,66
5,DispatchableAgent,100.0,50.0,0.0,50.0,2710.883166042586,67
5,DispatchableAgent,100.0,50.0,0.0,50.0,2710.883166042586,68
5,DispatchableAgent,100.0,50.0,0.0,50.0,2710.883166042586,69
5,DispatchableAgent,100.0,50.0,0.0,50.0,2710.883166042586,70
5,DispatchableAgent,100.0,50.0,0.0,50.0,2710.883166042586,71
5,DispatchableAgent,100.0,50.0,0.0,50.0,2710.883166042586,72
5,DispatchableAgent,100.0,50.0,0.0,50.0,2710.883166042586,73
5,DispatchableAgent,100.0,50.0,0.0,50.0,2710.883166042586,74
5,DispatchableAgent,100.0,50.0,0.0,50.0,2710.883166042586,75
5,DispatchableAgent,100.0,50.0,0.0,50.0,2710.883166042586,76
5,DispatchableAgent,100.0,50.0,0.0,50.0,2710.883166042586,77
5,DispatchableAgent,100.0,50.0,0.0,50.0,2710.883166042586,78
5,DispatchableAgent,100.0,50.0,0.0,50.0,2710.883166042586,79
5,DispatchableAgent,100.0,50.0,0.0,50.0,2710.883166042586,80
5,DispatchableAgent,100.0,50.0,0.0,50.0,2710.883166042586,81
5,DispatchableAgent,100.0,50.0,0.0,50.0,2710.883166042586,82
5,DispatchableAgent,100.0,50.0,0.0,50.0,2710.883166042586,83
5,DispatchableAgent,100.0,50.0,0.0,50.0,2710.883166042586,84
5,DispatchableAgent,100.0,50.0,0.0,50.0,2710.883166042586,85
5,DispatchableAgent,100.0,50.0,0.0,50.0,2710.883166042586,86
5,DispatchableAgent,100.0,50.0,0.0,50.0,2710.883166042586,87
5,DispatchableAgent,100.0,50.0,0.0,50.0,2710.883166042586,88
5,DispatchableAgent,100.0,50.0,0.0,50.0,2710.883166042586,89
5,DispatchableAgent,100.0,50.0,0.0,50.0,2710.883166042586,90
5,DispatchableAgent,100.0,50.0,0.0,50.0,2710.883166042586,91
5,DispatchableAgent,100.0,50.0,0.0,50.0,2710.883166042586,92
5,DispatchableAgent,100.0,50.0,0.0,50.0,2710.883166042586,93
5,DispatchableAgent,100.0,50.0,0.0,50.0,2710.883166042586,94
5,DispatchableAgent,100.0,50.0,0.0,50.0,2710.883166042586,95
5,DispatchableAgent,100.0,50.0,0.0,50.0,2710.883166042586,96
5,DispatchableAgent,100.0,50.0,0.0,50.0,2710.883166042586,97
5,DispatchableAgent,100.0,50.0,0.0,50.0,2710.883166042586,98
5,DispatchableAgent,100.0,50.0,0.0,50.0,2710.883166042586,99
5,DispatchableAgent,100.0,50.0,0.0,50.0,2710.883166042586,100
5,DispatchableAgent,100.0,50.0,0.0,50.0,2710.883166042586,101
5,DispatchableAgent,100.0,50.0,0.0,50.0,2710.883166042586,102
5,DispatchableAgent,100.0,50.0,0.0,50.0,2710.883166042586,103
5,DispatchableAgent,100.0,50.0,0.0,50.0,2710.883166042586,104
5,DispatchableAgent,100.0,50.0,0.0,50.0,2710.883166042586,105
5,DispatchableAgent,100.0,50.0,0.0,50.0,2710.883166042586,106
5,DispatchableAgent,100.0,50.0,0.0,50.0,2710.883166042586,107
5,DispatchableAgent,100.0,50.0,0.0,50.0,2710.883166042586,108
5,DispatchableAgent,100.0,50.0,0.0,50.0,2710.883166042586,109
5,DispatchableAgent,100.0,50.0,0.0,50.0,2710.883166042586,110
5,DispatchableAgent,100.0,50.0,0.0,50.0,2710.883166042586,111
5,DispatchableAgent,100.0,50.0,0.0,50.0,2710.883166042586,112
5,DispatchableAgent,100.0,50.0,0.0,50.0,2710.883166042586,113
5,DispatchableAgent,100.0,50.0,0.0,50.0,2710.883166042586,114
5,DispatchableAgent,100.0,50.0,0.0,50.0,2710.883166042586,115
5,DispatchableAgent,100.0,50.0,0.0,50.0,2710.883166042586,116
5,DispatchableAgent,100.0,50.0,0.0,50.0,2710.883166042586,117
5,DispatchableAgent,100.0,50.0,0.0,50.0,2710.883166042586,118
5,DispatchableAgent,100.0,50.0,0.0,50.0,2710.883166042586,119
5,DispatchableAgent,100.0,50.0,0.0,50.0,2710.883166042586,120
5,DispatchableAgent,100.0,50.0,0.0,50.0,2710.883166042586,121
5,DispatchableAgent,100.0,50.0,0.0,50.0,2710.883166042586,122
5,DispatchableAgent,100.0,50.0,0.0,50.0,2710.883166042586,123
5,DispatchableAgent,100.0,50.0,0.0,50.0,2710.883166042586,124
5,DispatchableAgent,100.0,50.0,0.0,50.0,2710.883166042586,125
5,DispatchableAgent,100.0,50.0,0.0,50.0,2710.883166042586,126
5,DispatchableAgent,100.0,50.0,0.0,50.0,2710.883166042586,127
5,DispatchableAgent,100.0,50.0,0.0,50.0,2710.883166042586,128
5,DispatchableAgent,100.0,50.0,0.0,50.0,2710.883166042586,129
5,DispatchableAgent,100.0,50.0,0.0,50.0,2710.883166042586,130
5,DispatchableAgent,100.0,50.0,0.0,50.0,2710.883166042586,131
5,DispatchableAgent,100.0,50.0,0.0,50.0,2710.883166042586,132
5,DispatchableAgent,100.0,50.0,0.0,50.0,2710.883166042586,133
5,DispatchableAgent,100.0,50.0,0.0,50.0,2710.883166042586,134
5,DispatchableAgent,100.0,50.0,0.0,50.0,2710.883166042586,135
5,DispatchableAgent,100.0,50.0,0.0,50.0,2710.883166042586,136
5,DispatchableAgent,100.0,50.0,0.0,50.0,2710.883166042586,137
5,DispatchableAgent,100.0,50.0,0.0,50.0,2710.883166042586,138
5,DispatchableAgent,100.0,50.0,0.0,50.0,2710.883166042586,139
5,DispatchableAgent,100.0,50.0,0.0,50.0,2710.883166042586,140
5,DispatchableAgent,100.0,50.0,0.0,50.0,2710.883166042586,141
5,DispatchableAgent,100.0,50.0,0.0,50.0,2710.883166042586,142
5,DispatchableAgent,100.0,50.0,0.0,50.0,2710.883166042586,143
5,DispatchableAgent,100.0,50.0,0.0,50.0,2710.883166042586,144
5,DispatchableAgent,100.0,50.0,0.0,50.0,2710.883166042586,145
5,DispatchableAgent,100.0,50.0,0.0,50.0,2710.883166042586,146
5,DispatchableAgent,100.0,50.0,0.0,50.0,2710.883166042586,147
5,DispatchableAgent,100.0,50.0,0.0,50.0,2710.883166042586,148
5,DispatchableAgent,100.0,50.0,0.0,50.0,2710.883166042586,149
5,DispatchableAgent,100.0,50.0,0.0,50.0,2710.883166042586,150
5,DispatchableAgent,100.0,50.0,0.0,50.0,2710.883166042586,151
5,DispatchableAgent,100.0,50.0,0.0,50.0,2710.883166042586,152
5,DispatchableAgent,100.0,50.0,0.0,50.0,2710.883166042586,153
5,DispatchableAgent,100.0,50.0,0.0,50.0,2710.883166042586,154
5,DispatchableAgent,100.0,50.0,0.0,50.0,2710.883166042586,155
5,DispatchableAgent,100.0,50.0,0.0,50.0,2710.883166042586,156
5,DispatchableAgent,100.0,50.0,0.0,50.0,2710.883166042586,157
5,DispatchableAgent,100.0,50.0,0.0,50.0,2710.883166042586,158
5,DispatchableAgent,100.0,50.0,0.0,50.0,2710.883166042586,159
5,DispatchableAgent,100.0,50.0,0.0,50.0,2710.883166042586,160
5,DispatchableAgent,100.0,50.0,0.0,50.0,2710.883166042586,161
5,DispatchableAgent,100.0,50.0,0.0,50.0,2710.883166042586,162
5,DispatchableAgent,100.0,50.0,0.0,50.0,2710.883166042586,163
5,DispatchableAgent,100.0,50.0,0.0,50.0,2710.883166042586,164
5,DispatchableAgent,100.0,50.0,0.0,50.0,2710.883166042586,165
5,DispatchableAgent,100.0,50.0,0.0,50.0,2710.883166042586,166
5,DispatchableAgent,100.0,50.0,0.0,50.0,2710.883166042586,167
5,DispatchableAgent,100.0,50.0,0.0,50.0,2710.883166042586,168
5,DispatchableAgent,100.0,50.0,0.0,50.0,2710.883166042586,169
5,DispatchableAgent,100.0,50.0,0.0,50.0,2710.883166042586,170
5,DispatchableAgent,100.0,50.0,0.0,50.0,2710.883166042586,171
5,DispatchableAgent,100.0,50.0,0.0,50.0,2710.883166042586,172
5,DispatchableAgent,100.0,50.0,0.0,50.0,2710.883166042586,173
5,DispatchableAgent,100.0,50.0,0.0,50.0,2710.883166042586,174
5,DispatchableAgent,100.0,50.0,0.0,50.0,2710.883166042586,175
5,DispatchableAgent,100.0,50.0,0.0,50.0,2710.883166042586,176
5,DispatchableAgent,100.0,50.0,0.0,50.0,2710.883166042586,177
5,DispatchableAgent,100.0,50.0,0.0,50.0,2710.883166042586,178
5,DispatchableAgent,100.0,50.0,0.0,50.0,2710.883166042586,179
5,DispatchableAgent,100.0,50.0,0.0,50.0,2710.883166042586,180
5,DispatchableAgent,100.0,50.0,0.0,50.0,2710.883166042586,181
5,DispatchableAgent,100.0,50.0,0.0,50.0,2710.883166042586,182
5,DispatchableAgent,100.0,50.0,0.0,50.0,2710.883166042586,183
5,DispatchableAgent,100.0,50.0,0.0,50.0,2710.883166042586,184
5,DispatchableAgent,100.0,50.0,0.0,50.0,2710.883166042586,185
5,DispatchableAgent,100.0,50.0,0.0,50.0,2710.883166042586,186
5,DispatchableAgent,100.0,50.0,0.0,50.0,2710.883166042586,187
5,DispatchableAgent,100.0,50.0,0.0,50.0,2710.883166042586,188
5,DispatchableAgent,100.0,50.0,0.0,50.0,2710.883166042586,189
5,DispatchableAgent,100.0,50.0,0.0,50.0,2710.883166042586,190
5,DispatchableAgent,100.0,50.0,0.0,50.0,2710.883166042586,191
5,DispatchableAgent,100.0,50.0,0.0,50.0,2710.883166042586,192
5,DispatchableAgent,100.0,50.0,0.0,50.0,2710.883166042586,193
5,DispatchableAgent,100.0,50.0,0.0,50.0,2710.883166042586,194
5,DispatchableAgent,100.0,50.0,0.0,50.0,2710.883166042586,195
5,DispatchableAgent,100.0,50.0,0.0,50.0,2710.883166042586,196
5,DispatchableAgent,100.0,50.0,0.0,50.0,2710.883166042586,197
5,DispatchableAgent,100.0,50.0,0.0,50.0,2710.883166042586,198
5,DispatchableAgent,100.0,50.0,0.0,50.0,2710.883166042586,199
6,VariableAgent,80.0,0.0,0.0,0.0,0.0,0
6,VariableAgent,80.0,0.0,20.0,0.0,0.0,1
6,VariableAgent,80.0,0.0,20.0,0.0,0.0,2
6,VariableAgent,80.0,0.0,15.0,5.0,227.024698671799,3
6,VariableAgent,80.0,0.0,10.0,10.0,451.00849461949025,4
6,VariableAgent,80.0,0.0,10.0,10.0,451.00849461949025,5
6,VariableAgent,80.0,0.0,5.0,15.0,673.5346708709627,6
6,VariableAgent,80.0,0.0,5.0,15.0,673.5346708709627,7
6,VariableAgent,80.0,0.0,0.0,20.0,905.2742946316406,8
6,VariableAgent,80.0,0.0,0.0,20.0,905.2742946316406,9
6,VariableAgent,80.0,0.0,0.0,20.0,905.2742946316406,10
6,VariableAgent,80.0,0.0,0.0,20.0,905.2742946316406,11
6,VariableAgent,80.0,0.0,0.0,20.0,905.2742946316406,12
6,VariableAgent,80.0,0.0,0.0,20.0,905.2742946316406,13
6,VariableAgent,80.0,0.0,0.0,20.0,905.2742946316406,14
6,VariableAgent,80.0,0.0,0.0,20.0,905.2742946316406,15
6,VariableAgent,80.0,0.0,0.0,20.0,905.2742946316406,16
6,VariableAgent,80.0,0.0,0.0,20.0,905.2742946316406,17
6,VariableAgent,80.0,0.0,0.0,20.0,905.2742946316406,18
6,VariableAgent,80.0,0.0,0.0,20.0,905.2742946316406,19
6,VariableAgent,80.0,0.0,0.0,20.0,905.2742946316406,20
6,VariableAgent,80.0,0.0,0.0,20.0,905.2742946316406,21
6,VariableAgent,80.0,0.0,0.0,20.0,905.2742946316406,22
6,VariableAgent,80.0,0.0,0.0,20.0,905.2742946316406,23
6,VariableAgent,80.0,0.0,0.0,20.0,905.2742946316406,24
6,VariableAgent,80.0,0.0,0.0,20.0,905.2742946316406,25
6,VariableAgent,80.0,0.0,0.0,20.0,905.2742946316406,26
6,VariableAgent,80.0,0.0,0.0,20.0,905.2742946316406,27
6,VariableAgent,80.0,0.0,0.0,20.0,905.2742946316406,28
6,VariableAgent,80.0,0.0,0.0,20.0,905.2742946316406,29
6,VariableAgent,80.0,0.0,0.0,20.0,905.2742946316406,30
6,VariableAgent,80.0,0.0,0.0,20.0,905.2742946316406,31
6,VariableAgent,80.0,0.0,0.0,20.0,905.2742946316406,32
6,VariableAgent,80.0,0.0,0.0,20.0,905.2742946316406,33
6,VariableAgent,80.0,0.0,0.0,20.0,905.2742946316406,34
6,VariableAgent,80.0,0.0,0.0,20.0,905.2742946316406,35
6,VariableAgent,80.0,0.0,0.0,20.0,905.2742946316406,36
6,VariableAgent,80.0,0.0,0.0,20.0,905.2742946316406,37
6,VariableAgent,80.0,0.0,0.0,20.0,905.2742946316406,38
6,VariableAgent,80.0,0.0,0.0,20.0,905.2742946316406,39
6,VariableAgent,80.0,0.0,0.0,20.0,905.2742946316406,40
6,VariableAgent,80.0,0.0,0.0,20.0,905.2742946316406,41
6,VariableAgent,80.0,0.0,0.0,20.0,905.2742946316406,42
6,VariableAgent,80.0,0.0,0.0,20.0,905.2742946316406,43
6,VariableAgent,80.0,0.0,0.0,20.0,905.2742946316406,44
6,VariableAgent,80.0,0.0,0.0,20.0,905.2742946316406,45
6,VariableAgent,80.0,0.0,0.0,20.0,905.2742946316406,46
6,VariableAgent,80.0,0.0,0.0,20.0,905.2742946316406,47
6,VariableAgent,80.0,0.0,0.0,20.0,905.2742946316406,48
6,VariableAgent,80.0,0.0,0.0,20.0,905.2742946316406,49
6,VariableAgent,80.0,0.0,0.0,20.0,905.2742946316406,50
6,VariableAgent,80.0,0.0,0.0,20.0,905.2742946316406,51
6,VariableAgent,80.0,0.0,0.0,20.0,905.2742946316406,52
6,VariableAgent,80.0,0.0,0.0,20.0,905.2742946316406,53
6,VariableAgent,80.0,0.0,0.0,20.0,905.2742946316406,54
6,VariableAgent,80.0,0.0,0.0,20.0,905.2742946316406,55
6,VariableAgent,80.0,0.0,0.0,20.0,905.2742946316406,56
6,VariableAgent,80.0,0.0,0.0,20.0,905.2742946316406,57
6,VariableAgent,80.0,0.0,0.0,20.0,905.2742946316406,58
6,VariableAgent,80.0,0.0,0.0,20.0,905.2742946316406,59
6,VariableAgent,80.0,0.0,0.0,20.0,905.2742946316406,60
6,VariableAgent,80.0,0.0,0.0,20.0,905.2742946316406,61
6,VariableAgent,80.0,0.0,0.0,20.0,905.2742946316406,62
6,VariableAgent,80.0,0.0,0.0,20.0,905.2742946316406,63
6,VariableAgent,80.0,0.0,0.0,20.0,905.2742946316406,64
6,VariableAgent,80.0,0.0,0.0,20.0,905.2742946316406,65
6,VariableAgent,80.0,0.0,0.0,20.0,905.2742946316406,66
6,VariableAgent,80.0,0.0,0.0,20.0,905.2742946316406,67
6,VariableAgent,80.0,0.0,0.0,20.0,905.2742946316406,68
6,VariableAgent,80.0,0.0,0.0,20.0,905.2742946316406,69
6,VariableAgent,80.0,0.0,0.0,20.0,905.2742946316406,70
6,VariableAgent,80.0,0.0,0.0,20.0,905.2742946316406,71
6,VariableAgent,80.0,0.0,0.0,20.0,905.2742946316406,72
6,VariableAgent,80.0,0.0,0.0,20.0,905.2742946316406,73
6,VariableAgent,80.0,0.0,0.0,20.0,905.2742946316406,74
6,VariableAgent,80.0,0.0,0.0,20.0,905.2742946316406,75
6,VariableAgent,80.0,0.0,0.0,20.0,905.2742946316406,76
6,VariableAgent,80.0,0.0,0.0,20.0,905.2742946316406,77
6,VariableAgent,80.0,0.0,0.0,20.0,905.2742946316406,78
6,VariableAgent,80.0,0.0,0.0,20.0,905.2742946316406,79
6,VariableAgent,80.0,0.0,0.0,20.0,905.2742946316406,80
6,VariableAgent,80.0,0.0,0.0,20.0,905.2742946316406,81
6,VariableAgent,80.0,0.0,0.0,20.0,905.2742946316406,82
6,VariableAgent,80.0,0.0,0.0,20.0,905.2742946316406,83
6,VariableAgent,80.0,0.0,0.0,20.0,905.2742946316406,84
6,VariableAgent,80.0,0.0,0.0,20.0,905.2742946316406,85
6,VariableAgent,80.0,0.0,0.0,20.0,905.2742946316406,86
6,VariableAgent,80.0,0.0,0.0,20.0,905.2742946316406,87
6,VariableAgent,80.0,0.0,0.0,20.0,905.2742946316406,88
6,VariableAgent,80.0,0.0,0.0,20.0,905.2742946316406,89
6,VariableAgent,80.0,0.0,0.0,20.0,905.2742946316406,90
6,VariableAgent,80.0,0.0,0.0,20.0,905.2742946316406,91
6,VariableAgent,80.0,0.0,0.0,20.0,905.2742946316406,92
6,VariableAgent,80.0,0.0,0.0,20.0,905.2742946316406,93
6,VariableAgent,80.0,0.0,0.0,20.0,905.2742946316406,94
6,VariableAgent,80.0,0.0,0.0,20.0,905.2742946316406,95
6,VariableAgent,80.0,0.0,0.0,20.0,905.2742946316406,96
6,VariableAgent,80.0,0.0,0.0,20.0,905.2742946316406,97
6,VariableAgent,80.0,0.0,0.0,20.0,905.2742946316406,98
6,VariableAgent,80.0,0.0,0.0,20.0,905.2742946316406,99
6,VariableAgent,80.0,0.0,0.0,20.0,905.2742946316406,100
6,VariableAgent,80.0,0.0,0.0,20.0,905.2742946316406,101
6,VariableAgent,80.0,0.0,0.0,20.0,905.2742946316406,102
6,VariableAgent,80.0,0.0,0.0,20.0,905.2742946316406,103
6,VariableAgent,80.0,0.0,0.0,20.0,905.2742946316406,104
6,VariableAgent,80.0,0.0,0.0,20.0,905.2742946316406,105
6,VariableAgent,80.0,0.0,0.0,20.0,905.2742946316406,106
6,VariableAgent,80.0,0.0,0.0,20.0,905.2742946316406,107
6,VariableAgent,80.0,0.0,0.0,20.0,905.2742946316406,108
6,VariableAgent,80.0,0.0,0.0,20.0,905.2742946316406,109
6,VariableAgent,80.0,0.0,0.0,20.0,905.2742946316406,110
6,VariableAgent,80.0,0.0,0.0,20.0,905.2742946316406,111
6,VariableAgent,80.0,0.0,0.0,20.0,905.2742946316406,112
6,VariableAgent,80.0,0.0,0.0,20.0,905.2742946316406,113
6,VariableAgent,80.0,0.0,0.0,20.0,905.2742946316406,114
6,VariableAgent,80.0,0.0,0.0,20.0,905.2742946316406,115
6,VariableAgent,80.0,0.0,0.0,20.0,905.2742946316406,116
6,VariableAgent,80.0,0.0,0.0,20.0,905.2742946316406,117
6,VariableAgent,80.0,0.0,0.0,20.0,905.2742946316406,118
6,VariableAgent,80.0,0.0,0.0,20.0,905.2742946316406,119
6,VariableAgent,80.0,0.0,0.0,20.0,905.2742946316406,120
6,VariableAgent,80.0,0.0,0.0,20.0,905.2742946316406,121
6,VariableAgent,80.0,0.0,0.0,20.0,905.2742946316406,122
6,VariableAgent,80.0,0.0,0.0,20.0,905.2742946316406,123
6,VariableAgent,80.0,0.0,0.0,20.0,905.2742946316406,124
6,VariableAgent,80.0,0.0,0.0,20.0,905.2742946316406,125
6,VariableAgent,80.0,0.0,0.0,20.0,905.2742946316406,126
6,VariableAgent,80.0,0.0,0.0,20.0,905.2742946316406,127
6,VariableAgent,80.0,0.0,0.0,20.0,905.2742946316406,128
6,VariableAgent,80.0,0.0,0.0,20.0,905.2742946316406,129
6,VariableAgent,80.0,0.0,0.0,20.0,905.2742946316406,130
6,VariableAgent,80.0,0.0,0.0,20.0,905.2742946316406,131
6,VariableAgent,80.0,0.0,0.0,20.0,905.2742946316406,132
6,VariableAgent,80.0,0.0,0.0,20.0,905.2742946316406,133
6,VariableAgent,80.0,0.0,0.0,20.0,905.2742946316406,134
6,VariableAgent,80.0,0.0,0.0,20.0,905.2742946316406,135
6,VariableAgent,80.0,0.0,0.0,20.0,905.2742946316406,136
6,VariableAgent,80.0,0.0,0.0,20.0,905.2742946316406,137
6,VariableAgent,80.0,0.0,0.0,20.0,905.2742946316406,138
6,VariableAgent,80.0,0.0,0.0,20.0,905.2742946316406,139
6,VariableAgent,80.0,0.0,0.0,20.0,905.2742946316406,140
6,VariableAgent,80.0,0.0,0.0,20.0,905.2742946316406,141
6,VariableAgent,80.0,0.0,0.0,20.0,905.2742946316406,142
6,VariableAgent,80.0,0.0,0.0,20.0,905.2742946316406,143
6,VariableAgent,80.0,0.0,0.0,20.0,905.2742946316406,144
6,VariableAgent,80.0,0.0,0.0,20.0,905.2742946316406,145
6,VariableAgent,80.0,0.0,0.0,20.0,905.2742946316406,146
6,VariableAgent,80.0,0.0,0.0,20.0,905.2742946316406,147
6,VariableAgent,80.0,0.0,0.0,20.0,905.2742946316406,148
6,VariableAgent,80.0,0.0,0.0,20.0,905.2742946316406,149
6,VariableAgent,80.0,0.0,0.0,20.0,905.2742946316406,150
6,VariableAgent,80.0,0.0,0.0,20.0,905.2742946316406,151
6,VariableAgent,80.0,0.0,0.0,20.0,905.2742946316406,152
6,VariableAgent,80.0,0.0,0.0,20.0,905.2742946316406,153
6,VariableAgent,80.0,0.0,0.0,20.0,905.2742946316406,154
6,VariableAgent,80.0,0.0,0.0,20.0,905.2742946316406,155
6,VariableAgent,80.0,0.0,0.0,20.0,905.2742946316406,156
6,VariableAgent,80.0,0.0,0.0,20.0,905.2742946316406,157
6,VariableAgent,80.0,0.0,0.0,20.0,905.2742946316406,158
6,VariableAgent,80.0,0.0,0.0,20.0,905.2742946316406,159
6,VariableAgent,80.0,0.0,0.0,20.0,905.2742946316406,160
6,VariableAgent,80.0,0.0,0.0,20.0,905.2742946316406,161
6,VariableAgent,80.0,0.0,0.0,20.0,905.2742946316406,162
6,VariableAgent,80.0,0.0,0.0,20.0,905.2742946316406,163
6,VariableAgent,80.0,0.0,0.0,20.0,905.2742946316406,164
6,VariableAgent,80.0,0.0,0.0,20.0,905.2742946316406,165
6,VariableAgent,80.0,0.0,0.0,20.0,905.2742946316406,166
6,VariableAgent,80.0,0.0,0.0,20.0,905.2742946316406,167
6,VariableAgent,80.0,0.0,0.0,20.0,905.2742946316406,168
6,VariableAgent,80.0,0.0,0.0,20.0,905.2742946316406,169
6,VariableAgent,80.0,0.0,0.0,20.0,905.2742946316406,170
6,VariableAgent,80.0,0.0,0.0,20.0,905.2742946316406,171
6,VariableAgent,80.0,0.0,0.0,20.0,905.2742946316406,172
6,VariableAgent,80.0,0.0,0.0,20.0,905.2742946316406,173
6,VariableAgent,80.0,0.0,0.0,20.0,905.2742946316406,174
6,VariableAgent,80.0,0.0,0.0,20.0,905.2742946316406,175
6,VariableAgent,80.0,0.0,0.0,20.0,905.2742946316406,176
6,VariableAgent,80.0,0.0,0.0,20.0,905.2742946316406,177
6,VariableAgent,80.0,0.0,0.0,20.0,905.2742946316406,178
6,VariableAgent,80.0,0.0,0.0,20.0,905.2742946316406,179
6,VariableAgent,80.0,0.0,0.0,20.0,905.2742946316406,180
6,VariableAgent,80.0,0.0,0.0,20.0,905.2742946316406,181
6,VariableAgent,80.0,0.0,0.0,20.0,905.2742946316406,182
6,VariableAgent,80.0,0.0,0.0,20.0,905.2742946316406,183
6,VariableAgent,80.0,0.0,0.0,20.0,905.2742946316406,184
6,VariableAgent,80.0,0.0,0.0,20.0,905.2742946316406,185
6,VariableAgent,80.0,0.0,0.0,20.0,905.2742946316406,186
6,VariableAgent,80.0,0.0,0.0,20.0,905.2742946316406,187
6,VariableAgent,80.0,0.0,0.0,20.0,905.2742946316406,188
6,VariableAgent,80.0,0.0,0.0,20.0,905.2742946316406,189
6,VariableAgent,80.0,0.0,0.0,20.0,905.2742946316406,190
6,VariableAgent,80.0,0.0,0.0,20.0,905.2742946316406,191
6,VariableAgent,80.0,0.0,0.0,20.0,905.2742946316406,192
6,VariableAgent,80.0,0.0,0.0,20.0,905.2742946316406,193
6,VariableAgent,80.0,0.0,0.0,20.0,905.2742946316406,194
6,VariableAgent,80.0,0.0,0.0,20.0,905.2742946316406,195
6,VariableAgent,80.0,0.0,0.0,20.0,905.2742946316406,196
6,VariableAgent,80.0,0.0,0.0,20.0,905.2742946316406,197
6,VariableAgent,80.0,0.0,0.0,20.0,905.2742946316406,198
6,VariableAgent,80.0,0.0,0.0,20.0,905.2742946316406,199
7,SimpleTrendAgent,100.0,0.0,0.0,0.0,0.0,0
7,SimpleTrendAgent,100.0,0.0,0.0,0.0,0.0,1
7,SimpleTrendAgent,100.0,0.0,0.0,0.0,0.0,2
7,SimpleTrendAgent,100.0,0.0,0.0,-5.0,-218.0994057546762,3
7,SimpleTrendAgent,100.0,0.0,0.0,-10.0,-436.33249141294357,4
7,SimpleTrendAgent,100.0,0.0,0.0,-10.0,-436.33249141294357,5
7,SimpleTrendAgent,100.0,0.0,0.0,-15.0,-646.1283217926937,6
7,SimpleTrendAgent,100.0,0.0,0.0,-15.0,-646.1283217926937,7
7,SimpleTrendAgent,100.0,0.0,0.0,-20.0,-866.0863512670661,8
7,SimpleTrendAgent,100.0,0.0,0.0,-15.0,-633.6206860119839,9
7,SimpleTrendAgent,100.0,0.0,0.0,-10.0,-405.8529837593774,10
7,SimpleTrendAgent,100.0,0.0,0.0,-15.0,-620.314135522605,11
7,SimpleTrendAgent,100.0,0.0,0.0,-20.0,-826.8752212880204,12
7,SimpleTrendAgent,100.0,0.0,0.0,-15.0,-600.7911958158733,13
7,SimpleTrendAgent,100.0,0.0,0.0,-10.0,-334.2014288095421,14
7,SimpleTrendAgent,100.0,0.0,0.0,-5.0,-64.32245859532759,15
7,SimpleTrendAgent,100.0,0.0,0.0,0.0,212.2190524054568,16
7,SimpleTrendAgent,100.0,0.0,0.0,0.0,212.2190524054568,17
7,SimpleTrendAgent,100.0,0.0,0.0,1.5,284.1079503008623,18
7,SimpleTrendAgent,100.0,0.0,0.0,1.5,284.1079503008623,19
7,SimpleTrendAgent,100.0,0.0,0.0,1.5,284.1079503008623,20
7,SimpleTrendAgent,100.0,0.0,0.0,6.5,558.7263743655894,21
7,SimpleTrendAgent,100.0,0.0,0.0,1.5,311.54510834033726,22
7,SimpleTrendAgent,100.0,0.0,0.0,-3.0,94.6034190104437,23
7,SimpleTrendAgent,100.0,0.0,0.0,2.0,348.4353335874471,24
7,SimpleTrendAgent,100.0,0.0,0.0,-3.0,98.15722177375011,25
7,SimpleTrendAgent,100.0,0.0,0.0,-2.0,151.10461495760023,26
7,SimpleTrendAgent,100.0,0.0,0.0,-7.0,-67.42398582063902,27
7,SimpleTrendAgent,100.0,0.0,0.0,-12.0,-288.1734938607911,28
7,SimpleTrendAgent,100.0,0.0,0.0,-17.0,-508.2412886287234,29
7,SimpleTrendAgent,100.0,0.0,0.0,-18.5,-573.2364769670779,30
7,SimpleTrendAgent,100.0,0.0,0.0,-18.5,-573.2364769670779,31
7,SimpleTrendAgent,100.0,0.0,0.0,-18.5,-573.2364769670779,32
7,SimpleTrendAgent,100.0,0.0,0.0,-23.5,-776.8834576781078,33
7,SimpleTrendAgent,100.0,0.0,0.0,-28.5,-977.6757612344209,34
7,SimpleTrendAgent,100.0,0.0,0.0,-28.5,-977.6757612344209,35
7,SimpleTrendAgent,100.0,0.0,0.0,-28.5,-977.6757612344209,36
7,SimpleTrendAgent,100.0,0.0,0.0,-23.5,-754.4226570171036,37
7,SimpleTrendAgent,100.0,0.0,0.0,-23.5,-754.4226570171036,38
7,SimpleTrendAgent,100.0,0.0,0.0,-28.5,-981.3268314903801,39
7,SimpleTrendAgent,100.0,0.0,0.0,-23.5,-721.8282980401647,40
7,SimpleTrendAgent,100.0,0.0,0.0,-23.5,-721.8282980401647,41
7,SimpleTrendAgent,100.0,0.0,0.0,-23.5,-721.8282980401647,42
7,SimpleTrendAgent,100.0,0.0,0.0,-18.5,-439.20483835974267,43
7,SimpleTrendAgent,100.0,0.0,0.0,-18.5,-439.20483835974267,44
7,SimpleTrendAgent,100.0,0.0,0.0,-23.5,-652.3367855242542,45
7,SimpleTrendAgent,100.0,0.0,0.0,-28.5,-851.7686152848538,46
7,SimpleTrendAgent,100.0,0.0,0.0,-23.5,-624.5120007832503,47
7,SimpleTrendAgent,100.0,0.0,0.0,-23.5,-624.5120007832503,48
7,SimpleTrendAgent,100.0,0.0,0.0,-28.5,-850.2111576019266,49
7,SimpleTrendAgent,100.0,0.0,0.0,-23.5,-582.0404726908005,50
7,SimpleTrendAgent,100.0,0.0,0.0,-23.0,-554.8719435901098,51
7,SimpleTrendAgent,100.0,0.0,0.0,-28.0,-779.0106680857548,52
7,SimpleTrendAgent,100.0,0.0,0.0,-33.0,-990.2191060161194,53
7,SimpleTrendAgent,100.0,0.0,0.0,-28.0,-755.5767028571489,54
7,SimpleTrendAgent,100.0,0.0,0.0,-28.0,-755.5767028571489,55
7,SimpleTrendAgent,100.0,0.0,0.0,-23.0,-501.3953554238002,56
7,SimpleTrendAgent,100.0,0.0,0.0,-18.0,-232.38953921365265,57
7,SimpleTrendAgent,100.0,0.0,0.0,-13.0,67.67888222053296,58
7,SimpleTrendAgent,100.0,0.0,0.0,-18.0,-198.1809140460415,59
7,SimpleTrendAgent,100.0,0.0,0.0,-23.0,-449.5891130290951,60
7,SimpleTrendAgent,100.0,0.0,0.0,-28.0,-698.699244948325,61
7,SimpleTrendAgent,100.0,0.0,0.0,-28.0,-698.699244948325,62
7,SimpleTrendAgent,100.0,0.0,0.0,-28.0,-698.699244948325,63
7,SimpleTrendAgent,100.0,0.0,0.0,-28.0,-698.699244948325,64
7,SimpleTrendAgent,100.0,0.0,0.0,-33.0,-942.0170079459565,65
7,SimpleTrendAgent,100.0,0.0,0.0,-28.0,-653.0114718247321,66
7,SimpleTrendAgent,100.0,0.0,0.0,-23.0,-359.8999518533959,67
7,SimpleTrendAgent,100.0,0.0,0.0,-23.0,-359.8999518533959,68
7,SimpleTrendAgent,100.0,0.0,0.0,-28.0,-621.3245394676658,69
7,SimpleTrendAgent,100.0,0.0,0.0,-33.0,-879.4529418356433,70
7,SimpleTrendAgent,100.0,0.0,0.0,-38.0,-1132.9876228444632,71
7,SimpleTrendAgent,100.0,0.0,0.0,-33.0,-864.2661883316944,72
7,SimpleTrendAgent,100.0,0.0,0.0,-28.0,-558.8901235147193,73
7,SimpleTrendAgent,100.0,0.0,0.0,-28.0,-558.8901235147193,74
7,SimpleTrendAgent,100.0,0.0,0.0,-28.0,-558.8901235147193,75
7,SimpleTrendAgent,100.0,0.0,0.0,-33.0,-829.9898609002739,76
7,SimpleTrendAgent,100.0,0.0,0.0,-38.0,-1101.9923383610583,77
7,SimpleTrendAgent,100.0,0.0,0.0,-43.0,-1362.9397075062222,78
7,SimpleTrendAgent,100.0,0.0,0.0,-48.0,-1614.084860508496,79
7,SimpleTrendAgent,100.0,0.0,0.0,-48.0,-1614.084860508496,80
7,SimpleTrendAgent,100.0,0.0,0.0,-43.0,-1373.6601027081826,81
7,SimpleTrendAgent,100.0,0.0,0.0,-38.0,-1113.8182418797196,82
7,SimpleTrendAgent,100.0,0.0,0.0,-33.0,-853.0557114622661,83
7,SimpleTrendAgent,100.0,0.0,0.0,-33.0,-853.0557114622661,84
7,SimpleTrendAgent,100.0,0.0,0.0,-33.0,-853.0557114622661,85
7,SimpleTrendAgent,100.0,0.0,0.0,-38.0,-1075.440003631838,86
7,SimpleTrendAgent,100.0,0.0,0.0,-43.0,-1272.2984840765348,87
7,SimpleTrendAgent,100.0,0.0,0.0,-38.0,-1051.3340372393654,88
7,SimpleTrendAgent,100.0,0.0,0.0,-38.0,-1051.3340372393654,89
7,SimpleTrendAgent,100.0,0.0,0.0,-38.0,-1051.3340372393654,90
7,SimpleTrendAgent,100.0,0.0,0.0,-38.0,-1051.3340372393654,91
7,SimpleTrendAgent,100.0,0.0,0.0,-33.0,-829.4199601959938,92
7,SimpleTrendAgent,100.0,0.0,0.0,-33.0,-829.4199601959938,93
7,SimpleTrendAgent,100.0,0.0,0.0,-33.0,-829.4199601959938,94
7,SimpleTrendAgent,100.0,0.0,0.0,-28.0,-579.5583767980714,95
7,SimpleTrendAgent,100.0,0.0,0.0,-23.0,-332.5124720083188,96
7,SimpleTrendAgent,100.0,0.0,0.0,-23.0,-332.5124720083188,97
7,SimpleTrendAgent,100.0,0.0,0.0,-18.0,-82.41302903156804,98
7,SimpleTrendAgent,100.0,0.0,0.0,-18.0,-82.41302903156804,99
7,SimpleTrendAgent,100.0,0.0,0.0,-13.0,185.53499828770703,100
7,SimpleTrendAgent,100.0,0.0,0.0,-18.0,-65.4442304868378,101
7,SimpleTrendAgent,100.0,0.0,0.0,-23.0,-310.6531281566979,102
7,SimpleTrendAgent,100.0,0.0,0.0,-18.0,-58.2537868177962,103
7,SimpleTrendAgent,100.0,0.0,0.0,-13.0,211.16880853337824,104
7,SimpleTrendAgent,100.0,0.0,0.0,-8.0,482.48326040440094,105
7,SimpleTrendAgent,100.0,0.0,0.0,-3.0,767.6836603087379,106
7,SimpleTrendAgent,100.0,0.0,0.0,-8.0,522.4590158852918,107
7,SimpleTrendAgent,100.0,0.0,0.0,-3.0,787.2948842592283,108
7,SimpleTrendAgent,100.0,0.0,0.0,-8.0,537.7018780561767,109
7,SimpleTrendAgent,100.0,0.0,0.0,-8.0,537.7018780561767,110
7,SimpleTrendAgent,100.0,0.0,0.0,-13.0,270.9164328169493,111
7,SimpleTrendAgent,100.0,0.0,0.0,-18.0,15.497122410708016,112
7,SimpleTrendAgent,100.0,0.0,0.0,-23.0,-241.56236637278857,113
7,SimpleTrendAgent,100.0,0.0,0.0,-18.0,39.292667176326745,114
7,SimpleTrendAgent,100.0,0.0,0.0,-18.0,39.292667176326745,115
7,SimpleTrendAgent,100.0,0.0,0.0,-23.0,-230.98844940906946,116
7,SimpleTrendAgent,100.0,0.0,0.0,-28.0,-495.836247700728,117
7,SimpleTrendAgent,100.0,0.0,0.0,-23.0,-218.1655292113727,118
7,SimpleTrendAgent,100.0,0.0,0.0,-23.0,-218.1655292113727,119
7,SimpleTrendAgent,100.0,0.0,0.0,-28.0,-470.73115857932186,120
7,SimpleTrendAgent,100.0,0.0,0.0,-28.0,-470.73115857932186,121
7,SimpleTrendAgent,100.0,0.0,0.0,-28.0,-470.73115857932186,122
7,SimpleTrendAgent,100.0,0.0,0.0,-23.0,-193.15334796902044,123
7,SimpleTrendAgent,100.0,0.0,0.0,-18.0,86.1565381025726,124
7,SimpleTrendAgent,100.0,0.0,0.0,-18.0,86.1565381025726,125
7,SimpleTrendAgent,100.0,0.0,0.0,-18.0,86.1565381025726,126
7,SimpleTrendAgent,100.0,0.0,0.0,-13.0,359.5441854256267,127
7,SimpleTrendAgent,100.0,0.0,0.0,-8.0,629.4824570642955,128
7,SimpleTrendAgent,100.0,0.0,0.0,-3.0,919.2041350238716,129
7,SimpleTrendAgent,100.0,0.0,0.0,-3.0,919.2041350238716,130
7,SimpleTrendAgent,100.0,0.0,0.0,-3.0,919.2041350238716,131
7,SimpleTrendAgent,100.0,0.0,0.0,-8.0,639.8465534354821,132
7,SimpleTrendAgent,100.0,0.0,0.0,-13.0,366.64354708260623,133
7,SimpleTrendAgent,100.0,0.0,0.0,-8.0,666.4194339629173,134
7,SimpleTrendAgent,100.0,0.0,0.0,-3.0,966.0500813183533,135
7,SimpleTrendAgent,100.0,0.0,0.0,-8.0,690.2934420270259,136
7,SimpleTrendAgent,100.0,0.0,0.0,-13.0,441.2370801752118,137
7,SimpleTrendAgent,100.0,0.0,0.0,-13.0,441.2370801752118,138
7,SimpleTrendAgent,100.0,0.0,0.0,-13.0,441.2370801752118,139
7,SimpleTrendAgent,100.0,0.0,0.0,-13.0,441.2370801752118,140
7,SimpleTrendAgent,100.0,0.0,0.0,-8.0,703.0045009243512,141
7,SimpleTrendAgent,100.0,0.0,0.0,-13.0,467.0875021351872,142
7,SimpleTrendAgent,100.0,0.0,0.0,-13.0,467.0875021351872,143
7,SimpleTrendAgent,100.0,0.0,0.0,-8.0,726.0388731336252,144
7,SimpleTrendAgent,100.0,0.0,0.0,-3.0,1000.431470279751,145
7,SimpleTrendAgent,100.0,0.0,0.0,2.0,1275.011245059603,146
7,SimpleTrendAgent,100.0,0.0,0.0,7.0,1550.039247248406,147
7,SimpleTrendAgent,100.0,0.0,0.0,7.0,1550.039247248406,148
7,SimpleTrendAgent,100.0,0.0,0.0,12.0,1821.7901795309263,149
7,SimpleTrendAgent,100.0,0.0,0.0,17.0,2105.9122175868683,150
7,SimpleTrendAgent,100.0,0.0,0.0,17.0,2105.9122175868683,151
7,SimpleTrendAgent,100.0,0.0,0.0,17.0,2105.9122175868683,152
7,SimpleTrendAgent,100.0,0.0,0.0,12.0,1826.3477617483004,153
7,SimpleTrendAgent,100.0,0.0,0.0,12.0,1826.3477617483004,154
7,SimpleTrendAgent,100.0,0.0,0.0,17.0,2129.187999149741,155
7,SimpleTrendAgent,100.0,0.0,0.0,12.0,1872.8280561131744,156
7,SimpleTrendAgent,100.0,0.0,0.0,12.0,1872.8280561131744,157
7,SimpleTrendAgent,100.0,0.0,0.0,17.0,2120.5605286545983,158
7,SimpleTrendAgent,100.0,0.0,0.0,22.0,2388.832486891417,159
7,SimpleTrendAgent,100.0,0.0,0.0,17.0,2137.2476948407157,160
7,SimpleTrendAgent,100.0,0.0,0.0,12.0,1900.7697213006318,161
7,SimpleTrendAgent,100.0,0.0,0.0,17.0,2165.646240470269,162
7,SimpleTrendAgent,100.0,0.0,0.0,12.0,1943.7516603988436,163
7,SimpleTrendAgent,100.0,0.0,0.0,17.0,2184.8394792908753,164
7,SimpleTrendAgent,100.0,0.0,0.0,17.0,2184.8394792908753,165
7,SimpleTrendAgent,100.0,0.0,0.0,17.0,2184.8394792908753,166
7,SimpleTrendAgent,100.0,0.0,0.0,12.0,1980.0735559660943,167
7,SimpleTrendAgent,100.0,0.0,0.0,7.0,1791.4996293982408,168
7,SimpleTrendAgent,100.0,0.0,0.0,2.0,1609.504236078807,169
7,SimpleTrendAgent,100.0,0.0,0.0,-3.0,1436.03612248121,170
7,SimpleTrendAgent,100.0,0.0,0.0,-3.0,1436.03612248121,171
7,SimpleTrendAgent,100.0,0.0,0.0,2.0,1715.0114202435846,172
7,SimpleTrendAgent,100.0,0.0,0.0,2.0,1715.0114202435846,173
7,SimpleTrendAgent,100.0,0.0,0.0,7.0,1987.4636070216986,174
7,SimpleTrendAgent,100.0,0.0,0.0,7.0,1987.4636070216986,175
7,SimpleTrendAgent,100.0,0.0,0.0,2.0,1743.0431941016386,176
7,SimpleTrendAgent,100.0,0.0,0.0,2.0,1743.0431941016386,177
7,SimpleTrendAgent,100.0,0.0,0.0,2.0,1743.0431941016386,178
7,SimpleTrendAgent,100.0,0.0,0.0,2.0,1743.0431941016386,179
7,SimpleTrendAgent,100.0,0.0,0.0,-3.0,1496.0489097690154,180
7,SimpleTrendAgent,100.0,0.0,0.0,2.0,1757.9506636835426,181
7,SimpleTrendAgent,100.0,0.0,0.0,2.0,1757.9506636835426,182
7,SimpleTrendAgent,100.0,0.0,0.0,7.0,2049.034376716795,183
7,SimpleTrendAgent,100.0,0.0,0.0,7.5,2080.3782101013658,184
7,SimpleTrendAgent,100.0,0.0,0.0,12.5,2390.9312627285917,185
7,SimpleTrendAgent,100.0,0.0,0.0,17.5,2709.7798969031855,186
7,SimpleTrendAgent,100.0,0.0,0.0,12.5,2408.91050709069,187
7,SimpleTrendAgent,100.0,0.0,0.0,7.5,2135.2150266405934,188
7,SimpleTrendAgent,100.0,0.0,0.0,7.5,2135.2150266405934,189
7,SimpleTrendAgent,100.0,0.0,0.0,7.5,2135.2150266405934,190
7,SimpleTrendAgent,100.0,0.0,0.0,2.5,1866.5465487143697,191
7,SimpleTrendAgent,100.0,0.0,0.0,-2.5,1593.4389804319903,192
7,SimpleTrendAgent,100.0,0.0,0.0,-7.5,1381.1495627734819,193
7,SimpleTrendAgent,100.0,0.0,0.0,-2.5,1601.9674772792077,194
7,SimpleTrendAgent,100.0,0.0,0.0,2.5,1841.3976884341234,195
7,SimpleTrendAgent,100.0,0.0,0.0,-2.5,1606.8241335535902,196
7,SimpleTrendAgent,100.0,0.0,0.0,2.5,1863.796764519283,197
7,SimpleTrendAgent,100.0,0.0,0.0,2.5,1863.796764519283,198
7,SimpleTrendAgent,100.0,0.0,0.0,-2.5,1635.1453118978054,199
